[{"model": "contenttypes.contenttype", "pk": 1, "fields": {"app_label": "admin", "model": "logentry"}}, {"model": "contenttypes.contenttype", "pk": 2, "fields": {"app_label": "auth", "model": "permission"}}, {"model": "contenttypes.contenttype", "pk": 3, "fields": {"app_label": "auth", "model": "group"}}, {"model": "contenttypes.contenttype", "pk": 4, "fields": {"app_label": "auth", "model": "user"}}, {"model": "contenttypes.contenttype", "pk": 5, "fields": {"app_label": "contenttypes", "model": "contenttype"}}, {"model": "contenttypes.contenttype", "pk": 6, "fields": {"app_label": "sessions", "model": "session"}}, {"model": "contenttypes.contenttype", "pk": 7, "fields": {"app_label": "bowen", "model": "blogtype"}}, {"model": "contenttypes.contenttype", "pk": 8, "fields": {"app_label": "bowen", "model": "blog"}}, {"model": "contenttypes.contenttype", "pk": 9, "fields": {"app_label": "bowen", "model": "readnum"}}, {"model": "contenttypes.contenttype", "pk": 10, "fields": {"app_label": "read_statistics", "model": "readnum"}}, {"model": "contenttypes.contenttype", "pk": 11, "fields": {"app_label": "read_statistics", "model": "readdetail"}}, {"model": "contenttypes.contenttype", "pk": 12, "fields": {"app_label": "comment", "model": "comment"}}, {"model": "contenttypes.contenttype", "pk": 13, "fields": {"app_label": "likes", "model": "likecount"}}, {"model": "contenttypes.contenttype", "pk": 14, "fields": {"app_label": "likes", "model": "likerecord"}}, {"model": "contenttypes.contenttype", "pk": 15, "fields": {"app_label": "user", "model": "profile"}}, {"model": "sessions.session", "pk": "6umyfdm8syq4k8opfcbbf2wqbel6tu7q", "fields": {"session_data": "YzUyNWZkY2M0MTU4NWI1MWJkYTQ0ZDMwZjEzNGYxNWVhZWFkMDY5ZTp7Il9hdXRoX3VzZXJfaWQiOiIxIiwiX2F1dGhfdXNlcl9iYWNrZW5kIjoiZGphbmdvLmNvbnRyaWIuYXV0aC5iYWNrZW5kcy5Nb2RlbEJhY2tlbmQiLCJfYXV0aF91c2VyX2hhc2giOiIxNTJkY2ZiMDRkMjkwMWJjYjMxZTc5NzZhMTBhNTkzYjE0NWU4OTcyIn0=", "expire_date": "2020-08-08T09:17:46.630Z"}}, {"model": "sessions.session", "pk": "6ysf02qmoecr4zhrsm6s04bmjthpj7o1", "fields": {"session_data": "ZWIwNGI4YmEwODNiOGIxNGVjZWYxMzgxZWRiZDRjOGNiMGY4NTNjMDp7Il9hdXRoX3VzZXJfaWQiOiIxIiwiX2F1dGhfdXNlcl9iYWNrZW5kIjoiZGphbmdvLmNvbnRyaWIuYXV0aC5iYWNrZW5kcy5Nb2RlbEJhY2tlbmQiLCJfYXV0aF91c2VyX2hhc2giOiJkOGJmYjQ4YWViNDhhNGM3ZjdjOWVkYzVlN2E3M2ZmMWJhYzJlY2RhIn0=", "expire_date": "2020-11-28T09:53:48.244Z"}}, {"model": "sessions.session", "pk": "8kyaa4z814ogu9aynnxj8f6sszm6ifmz", "fields": {"session_data": "YzUyNWZkY2M0MTU4NWI1MWJkYTQ0ZDMwZjEzNGYxNWVhZWFkMDY5ZTp7Il9hdXRoX3VzZXJfaWQiOiIxIiwiX2F1dGhfdXNlcl9iYWNrZW5kIjoiZGphbmdvLmNvbnRyaWIuYXV0aC5iYWNrZW5kcy5Nb2RlbEJhY2tlbmQiLCJfYXV0aF91c2VyX2hhc2giOiIxNTJkY2ZiMDRkMjkwMWJjYjMxZTc5NzZhMTBhNTkzYjE0NWU4OTcyIn0=", "expire_date": "2020-06-06T14:42:01.912Z"}}, {"model": "sessions.session", "pk": "98y8u671bbw4w2qjsyjlggw59t5lwytn", "fields": {"session_data": "Nzg5ZjkzYTIyNWE3YzdlMGYxMzAwYmY2OWVkNjU3YTEyYjYzN2Q4Nzp7fQ==", "expire_date": "2020-08-17T06:12:57.780Z"}}, {"model": "sessions.session", "pk": "a51wvnnc89y49fvo6oyto3ga6erg7tfp", "fields": {"session_data": "ZWIwNGI4YmEwODNiOGIxNGVjZWYxMzgxZWRiZDRjOGNiMGY4NTNjMDp7Il9hdXRoX3VzZXJfaWQiOiIxIiwiX2F1dGhfdXNlcl9iYWNrZW5kIjoiZGphbmdvLmNvbnRyaWIuYXV0aC5iYWNrZW5kcy5Nb2RlbEJhY2tlbmQiLCJfYXV0aF91c2VyX2hhc2giOiJkOGJmYjQ4YWViNDhhNGM3ZjdjOWVkYzVlN2E3M2ZmMWJhYzJlY2RhIn0=", "expire_date": "2020-11-28T09:48:59.084Z"}}, {"model": "sessions.session", "pk": "b4odclgavqbuubeu7rliwf7a6570249h", "fields": {"session_data": "ZWIwNGI4YmEwODNiOGIxNGVjZWYxMzgxZWRiZDRjOGNiMGY4NTNjMDp7Il9hdXRoX3VzZXJfaWQiOiIxIiwiX2F1dGhfdXNlcl9iYWNrZW5kIjoiZGphbmdvLmNvbnRyaWIuYXV0aC5iYWNrZW5kcy5Nb2RlbEJhY2tlbmQiLCJfYXV0aF91c2VyX2hhc2giOiJkOGJmYjQ4YWViNDhhNGM3ZjdjOWVkYzVlN2E3M2ZmMWJhYzJlY2RhIn0=", "expire_date": "2020-11-28T09:38:09.821Z"}}, {"model": "sessions.session", "pk": "d1p3byd88vbtos1a04litkm6qnhpmuum", "fields": {"session_data": "ZWIwNGI4YmEwODNiOGIxNGVjZWYxMzgxZWRiZDRjOGNiMGY4NTNjMDp7Il9hdXRoX3VzZXJfaWQiOiIxIiwiX2F1dGhfdXNlcl9iYWNrZW5kIjoiZGphbmdvLmNvbnRyaWIuYXV0aC5iYWNrZW5kcy5Nb2RlbEJhY2tlbmQiLCJfYXV0aF91c2VyX2hhc2giOiJkOGJmYjQ4YWViNDhhNGM3ZjdjOWVkYzVlN2E3M2ZmMWJhYzJlY2RhIn0=", "expire_date": "2020-11-30T10:36:37.634Z"}}, {"model": "sessions.session", "pk": "efscljpisxe8u1utw8rfrwqqb6zggpqb", "fields": {"session_data": "ZWIwNGI4YmEwODNiOGIxNGVjZWYxMzgxZWRiZDRjOGNiMGY4NTNjMDp7Il9hdXRoX3VzZXJfaWQiOiIxIiwiX2F1dGhfdXNlcl9iYWNrZW5kIjoiZGphbmdvLmNvbnRyaWIuYXV0aC5iYWNrZW5kcy5Nb2RlbEJhY2tlbmQiLCJfYXV0aF91c2VyX2hhc2giOiJkOGJmYjQ4YWViNDhhNGM3ZjdjOWVkYzVlN2E3M2ZmMWJhYzJlY2RhIn0=", "expire_date": "2020-11-07T14:57:51.922Z"}}, {"model": "sessions.session", "pk": "h7yww46xlkxqq5nvx64q1p5mkdsuatr5", "fields": {"session_data": "MTE1OTM1YzZjNmM2MzM5YmYzMjA5MjY1YTEwZWYyM2Y4ZWYxYWFmZDp7ImJpbmRfZW1haWxfY29kZSI6IkVKMVUiLCJmb2Vnb3RfcGFzc3dvcmRfY29kZSI6Ijg1R3IiLCJzZW5kX2NvZGVfdGltZSI6MTYwNjAzNTUwNiwiX2F1dGhfdXNlcl9pZCI6IjIiLCJfYXV0aF91c2VyX2JhY2tlbmQiOiJkamFuZ28uY29udHJpYi5hdXRoLmJhY2tlbmRzLk1vZGVsQmFja2VuZCIsIl9hdXRoX3VzZXJfaGFzaCI6ImI3OTlkODA4MWNmMzM5NTU0NGMxOGI5MjJlNWE0YWRmOTAwNTg5YjYifQ==", "expire_date": "2020-12-06T08:58:47.101Z"}}, {"model": "sessions.session", "pk": "i5mao5abvhsi9140nyckgj1rwamls2ys", "fields": {"session_data": "YmIxZjVjNDlhYjE0YTcwZDcyYzQ4YWYzNmY4NWE3NGE2YWQ3NWJkNTp7Il9hdXRoX3VzZXJfaWQiOiIyIiwiX2F1dGhfdXNlcl9iYWNrZW5kIjoiZGphbmdvLmNvbnRyaWIuYXV0aC5iYWNrZW5kcy5Nb2RlbEJhY2tlbmQiLCJfYXV0aF91c2VyX2hhc2giOiJiY2EzMDhlZTk3YmY1YzA4NGE3M2I0N2FmYTM2NjJlZWVjYjRlNzMzIn0=", "expire_date": "2020-11-27T08:38:08.790Z"}}, {"model": "sessions.session", "pk": "khyb1x22ub4hqy71deb94ujoobvn8pdl", "fields": {"session_data": "YmIxZjVjNDlhYjE0YTcwZDcyYzQ4YWYzNmY4NWE3NGE2YWQ3NWJkNTp7Il9hdXRoX3VzZXJfaWQiOiIyIiwiX2F1dGhfdXNlcl9iYWNrZW5kIjoiZGphbmdvLmNvbnRyaWIuYXV0aC5iYWNrZW5kcy5Nb2RlbEJhY2tlbmQiLCJfYXV0aF91c2VyX2hhc2giOiJiY2EzMDhlZTk3YmY1YzA4NGE3M2I0N2FmYTM2NjJlZWVjYjRlNzMzIn0=", "expire_date": "2020-12-04T07:16:59.176Z"}}, {"model": "sessions.session", "pk": "lnimvr3mrn9fwzvj3kk9mbnhkl9ctrqq", "fields": {"session_data": "ZWIwNGI4YmEwODNiOGIxNGVjZWYxMzgxZWRiZDRjOGNiMGY4NTNjMDp7Il9hdXRoX3VzZXJfaWQiOiIxIiwiX2F1dGhfdXNlcl9iYWNrZW5kIjoiZGphbmdvLmNvbnRyaWIuYXV0aC5iYWNrZW5kcy5Nb2RlbEJhY2tlbmQiLCJfYXV0aF91c2VyX2hhc2giOiJkOGJmYjQ4YWViNDhhNGM3ZjdjOWVkYzVlN2E3M2ZmMWJhYzJlY2RhIn0=", "expire_date": "2020-08-21T08:57:39.559Z"}}, {"model": "sessions.session", "pk": "ly6400ar86u1x52uyricycn9tglj0re6", "fields": {"session_data": "YzUyNWZkY2M0MTU4NWI1MWJkYTQ0ZDMwZjEzNGYxNWVhZWFkMDY5ZTp7Il9hdXRoX3VzZXJfaWQiOiIxIiwiX2F1dGhfdXNlcl9iYWNrZW5kIjoiZGphbmdvLmNvbnRyaWIuYXV0aC5iYWNrZW5kcy5Nb2RlbEJhY2tlbmQiLCJfYXV0aF91c2VyX2hhc2giOiIxNTJkY2ZiMDRkMjkwMWJjYjMxZTc5NzZhMTBhNTkzYjE0NWU4OTcyIn0=", "expire_date": "2020-05-12T07:38:06.591Z"}}, {"model": "sessions.session", "pk": "oadu3k8ar6omh43adgj2qeffm2zrpix2", "fields": {"session_data": "Nzg5ZjkzYTIyNWE3YzdlMGYxMzAwYmY2OWVkNjU3YTEyYjYzN2Q4Nzp7fQ==", "expire_date": "2020-08-17T06:15:15.185Z"}}, {"model": "sessions.session", "pk": "qo04dysursm1u7ccgq4l7k26cmirhaux", "fields": {"session_data": "NGViOTNlNWUzMDViZDVkNWQ1YjlkZWY0MWVhMzNhNWM5MjQ0MGU2ZDp7Il9hdXRoX3VzZXJfaWQiOiIzIiwiX2F1dGhfdXNlcl9iYWNrZW5kIjoiZGphbmdvLmNvbnRyaWIuYXV0aC5iYWNrZW5kcy5Nb2RlbEJhY2tlbmQiLCJfYXV0aF91c2VyX2hhc2giOiI1ZmM1NDFmOThlZjVjZDgzOTUwYWY2OTJiODRiMDU5MmVhYTA2NDBkIn0=", "expire_date": "2020-12-14T07:19:52.829Z"}}, {"model": "sessions.session", "pk": "rs1uaka5aqzm9ex9uwo7x5jx4tesy6b5", "fields": {"session_data": "YzUyNWZkY2M0MTU4NWI1MWJkYTQ0ZDMwZjEzNGYxNWVhZWFkMDY5ZTp7Il9hdXRoX3VzZXJfaWQiOiIxIiwiX2F1dGhfdXNlcl9iYWNrZW5kIjoiZGphbmdvLmNvbnRyaWIuYXV0aC5iYWNrZW5kcy5Nb2RlbEJhY2tlbmQiLCJfYXV0aF91c2VyX2hhc2giOiIxNTJkY2ZiMDRkMjkwMWJjYjMxZTc5NzZhMTBhNTkzYjE0NWU4OTcyIn0=", "expire_date": "2020-05-06T04:04:33.727Z"}}, {"model": "sessions.session", "pk": "sm7o35zkfkf0yex7ds00n43wky8m1mta", "fields": {"session_data": "MTYxMjU3ZGUzZjQyYmZiMGRhNDI2YTk0OTkyYTEyNTU4ZGIzMTVhNDp7Il9hdXRoX3VzZXJfaWQiOiI0IiwiX2F1dGhfdXNlcl9iYWNrZW5kIjoiZGphbmdvLmNvbnRyaWIuYXV0aC5iYWNrZW5kcy5Nb2RlbEJhY2tlbmQiLCJfYXV0aF91c2VyX2hhc2giOiI0YzIxNmJiMGMzMTZhZTY0ZTY4OGExN2RhNGZhNDBjYTA2YjI5Y2EyIn0=", "expire_date": "2020-12-06T07:24:03.467Z"}}, {"model": "sessions.session", "pk": "uf1q3ke3tls182skdkc9b815aizvn6ks", "fields": {"session_data": "ZWIwNGI4YmEwODNiOGIxNGVjZWYxMzgxZWRiZDRjOGNiMGY4NTNjMDp7Il9hdXRoX3VzZXJfaWQiOiIxIiwiX2F1dGhfdXNlcl9iYWNrZW5kIjoiZGphbmdvLmNvbnRyaWIuYXV0aC5iYWNrZW5kcy5Nb2RlbEJhY2tlbmQiLCJfYXV0aF91c2VyX2hhc2giOiJkOGJmYjQ4YWViNDhhNGM3ZjdjOWVkYzVlN2E3M2ZmMWJhYzJlY2RhIn0=", "expire_date": "2020-11-28T09:51:08.235Z"}}, {"model": "sessions.session", "pk": "ui266a2co99ahktqhl22wsyxowpodgan", "fields": {"session_data": "YmIxZjVjNDlhYjE0YTcwZDcyYzQ4YWYzNmY4NWE3NGE2YWQ3NWJkNTp7Il9hdXRoX3VzZXJfaWQiOiIyIiwiX2F1dGhfdXNlcl9iYWNrZW5kIjoiZGphbmdvLmNvbnRyaWIuYXV0aC5iYWNrZW5kcy5Nb2RlbEJhY2tlbmQiLCJfYXV0aF91c2VyX2hhc2giOiJiY2EzMDhlZTk3YmY1YzA4NGE3M2I0N2FmYTM2NjJlZWVjYjRlNzMzIn0=", "expire_date": "2020-11-25T11:13:01.418Z"}}, {"model": "sessions.session", "pk": "vd6c1txfv8ac4yhxtmwjiza3jewr9sor", "fields": {"session_data": "YzUyNWZkY2M0MTU4NWI1MWJkYTQ0ZDMwZjEzNGYxNWVhZWFkMDY5ZTp7Il9hdXRoX3VzZXJfaWQiOiIxIiwiX2F1dGhfdXNlcl9iYWNrZW5kIjoiZGphbmdvLmNvbnRyaWIuYXV0aC5iYWNrZW5kcy5Nb2RlbEJhY2tlbmQiLCJfYXV0aF91c2VyX2hhc2giOiIxNTJkY2ZiMDRkMjkwMWJjYjMxZTc5NzZhMTBhNTkzYjE0NWU4OTcyIn0=", "expire_date": "2020-04-27T08:20:17.425Z"}}, {"model": "sessions.session", "pk": "w3s39mr3lhu4p5bfgrj6stzxmdrh4was", "fields": {"session_data": "ZWIwNGI4YmEwODNiOGIxNGVjZWYxMzgxZWRiZDRjOGNiMGY4NTNjMDp7Il9hdXRoX3VzZXJfaWQiOiIxIiwiX2F1dGhfdXNlcl9iYWNrZW5kIjoiZGphbmdvLmNvbnRyaWIuYXV0aC5iYWNrZW5kcy5Nb2RlbEJhY2tlbmQiLCJfYXV0aF91c2VyX2hhc2giOiJkOGJmYjQ4YWViNDhhNGM3ZjdjOWVkYzVlN2E3M2ZmMWJhYzJlY2RhIn0=", "expire_date": "2020-11-28T09:38:20.321Z"}}, {"model": "sessions.session", "pk": "yvlhag1c1ph88w36cxj9v7zvn2is42kq", "fields": {"session_data": "ZWIwNGI4YmEwODNiOGIxNGVjZWYxMzgxZWRiZDRjOGNiMGY4NTNjMDp7Il9hdXRoX3VzZXJfaWQiOiIxIiwiX2F1dGhfdXNlcl9iYWNrZW5kIjoiZGphbmdvLmNvbnRyaWIuYXV0aC5iYWNrZW5kcy5Nb2RlbEJhY2tlbmQiLCJfYXV0aF91c2VyX2hhc2giOiJkOGJmYjQ4YWViNDhhNGM3ZjdjOWVkYzVlN2E3M2ZmMWJhYzJlY2RhIn0=", "expire_date": "2020-11-29T08:25:15.906Z"}}, {"model": "bowen.blogtype", "pk": 1, "fields": {"type_name": "python"}}, {"model": "bowen.blogtype", "pk": 2, "fields": {"type_name": "Django"}}, {"model": "bowen.blogtype", "pk": 3, "fields": {"type_name": "\u5fc3\u5f97"}}, {"model": "bowen.blogtype", "pk": 4, "fields": {"type_name": "SQL"}}, {"model": "read_statistics.readnum", "pk": 1, "fields": {"read_num": 19, "content_type": 8, "objects_id": 37}}, {"model": "read_statistics.readnum", "pk": 2, "fields": {"read_num": 3, "content_type": 8, "objects_id": 33}}, {"model": "read_statistics.readnum", "pk": 3, "fields": {"read_num": 9, "content_type": 8, "objects_id": 35}}, {"model": "read_statistics.readnum", "pk": 4, "fields": {"read_num": 7, "content_type": 8, "objects_id": 36}}, {"model": "read_statistics.readnum", "pk": 5, "fields": {"read_num": 6, "content_type": 8, "objects_id": 34}}, {"model": "read_statistics.readnum", "pk": 6, "fields": {"read_num": 3, "content_type": 8, "objects_id": 32}}, {"model": "read_statistics.readnum", "pk": 7, "fields": {"read_num": 5, "content_type": 8, "objects_id": 3}}, {"model": "read_statistics.readnum", "pk": 8, "fields": {"read_num": 14, "content_type": 8, "objects_id": 38}}, {"model": "read_statistics.readnum", "pk": 9, "fields": {"read_num": 2, "content_type": 8, "objects_id": 39}}, {"model": "read_statistics.readdetail", "pk": 1, "fields": {"read_num": 1, "date": "2020-07-31", "content_type": 8, "object_id": 32}}, {"model": "read_statistics.readdetail", "pk": 2, "fields": {"read_num": 1, "date": "2020-07-31", "content_type": 8, "object_id": 3}}, {"model": "read_statistics.readdetail", "pk": 3, "fields": {"read_num": 3, "date": "2020-08-01", "content_type": 8, "object_id": 37}}, {"model": "read_statistics.readdetail", "pk": 4, "fields": {"read_num": 1, "date": "2020-08-01", "content_type": 8, "object_id": 36}}, {"model": "read_statistics.readdetail", "pk": 5, "fields": {"read_num": 1, "date": "2020-08-01", "content_type": 8, "object_id": 35}}, {"model": "read_statistics.readdetail", "pk": 6, "fields": {"read_num": 1, "date": "2020-08-01", "content_type": 8, "object_id": 34}}, {"model": "read_statistics.readdetail", "pk": 7, "fields": {"read_num": 1, "date": "2020-08-01", "content_type": 8, "object_id": 3}}, {"model": "read_statistics.readdetail", "pk": 8, "fields": {"read_num": 1, "date": "2020-08-02", "content_type": 8, "object_id": 37}}, {"model": "read_statistics.readdetail", "pk": 9, "fields": {"read_num": 1, "date": "2020-08-02", "content_type": 8, "object_id": 36}}, {"model": "read_statistics.readdetail", "pk": 10, "fields": {"read_num": 1, "date": "2020-08-06", "content_type": 8, "object_id": 3}}, {"model": "read_statistics.readdetail", "pk": 11, "fields": {"read_num": 1, "date": "2020-08-07", "content_type": 8, "object_id": 35}}, {"model": "read_statistics.readdetail", "pk": 12, "fields": {"read_num": 1, "date": "2020-08-07", "content_type": 8, "object_id": 34}}, {"model": "read_statistics.readdetail", "pk": 13, "fields": {"read_num": 1, "date": "2020-08-07", "content_type": 8, "object_id": 32}}, {"model": "read_statistics.readdetail", "pk": 14, "fields": {"read_num": 1, "date": "2020-08-09", "content_type": 8, "object_id": 3}}, {"model": "read_statistics.readdetail", "pk": 15, "fields": {"read_num": 1, "date": "2020-08-09", "content_type": 8, "object_id": 38}}, {"model": "read_statistics.readdetail", "pk": 16, "fields": {"read_num": 1, "date": "2020-10-24", "content_type": 8, "object_id": 38}}, {"model": "read_statistics.readdetail", "pk": 17, "fields": {"read_num": 1, "date": "2020-10-24", "content_type": 8, "object_id": 37}}, {"model": "read_statistics.readdetail", "pk": 18, "fields": {"read_num": 1, "date": "2020-11-08", "content_type": 8, "object_id": 38}}, {"model": "read_statistics.readdetail", "pk": 19, "fields": {"read_num": 1, "date": "2020-11-08", "content_type": 8, "object_id": 37}}, {"model": "read_statistics.readdetail", "pk": 20, "fields": {"read_num": 1, "date": "2020-11-08", "content_type": 8, "object_id": 36}}, {"model": "read_statistics.readdetail", "pk": 21, "fields": {"read_num": 1, "date": "2020-11-08", "content_type": 8, "object_id": 35}}, {"model": "read_statistics.readdetail", "pk": 22, "fields": {"read_num": 1, "date": "2020-11-09", "content_type": 8, "object_id": 38}}, {"model": "read_statistics.readdetail", "pk": 23, "fields": {"read_num": 1, "date": "2020-11-09", "content_type": 8, "object_id": 37}}, {"model": "read_statistics.readdetail", "pk": 24, "fields": {"read_num": 1, "date": "2020-11-10", "content_type": 8, "object_id": 36}}, {"model": "read_statistics.readdetail", "pk": 25, "fields": {"read_num": 1, "date": "2020-11-10", "content_type": 8, "object_id": 35}}, {"model": "read_statistics.readdetail", "pk": 26, "fields": {"read_num": 1, "date": "2020-11-10", "content_type": 8, "object_id": 34}}, {"model": "read_statistics.readdetail", "pk": 27, "fields": {"read_num": 1, "date": "2020-11-10", "content_type": 8, "object_id": 33}}, {"model": "read_statistics.readdetail", "pk": 28, "fields": {"read_num": 1, "date": "2020-11-10", "content_type": 8, "object_id": 32}}, {"model": "read_statistics.readdetail", "pk": 29, "fields": {"read_num": 1, "date": "2020-11-11", "content_type": 8, "object_id": 35}}, {"model": "read_statistics.readdetail", "pk": 30, "fields": {"read_num": 1, "date": "2020-11-11", "content_type": 8, "object_id": 38}}, {"model": "read_statistics.readdetail", "pk": 31, "fields": {"read_num": 1, "date": "2020-11-12", "content_type": 8, "object_id": 35}}, {"model": "read_statistics.readdetail", "pk": 32, "fields": {"read_num": 1, "date": "2020-11-12", "content_type": 8, "object_id": 38}}, {"model": "read_statistics.readdetail", "pk": 33, "fields": {"read_num": 1, "date": "2020-11-13", "content_type": 8, "object_id": 38}}, {"model": "read_statistics.readdetail", "pk": 34, "fields": {"read_num": 1, "date": "2020-11-14", "content_type": 8, "object_id": 38}}, {"model": "read_statistics.readdetail", "pk": 35, "fields": {"read_num": 1, "date": "2020-11-14", "content_type": 8, "object_id": 37}}, {"model": "read_statistics.readdetail", "pk": 36, "fields": {"read_num": 1, "date": "2020-11-14", "content_type": 8, "object_id": 36}}, {"model": "read_statistics.readdetail", "pk": 37, "fields": {"read_num": 1, "date": "2020-11-14", "content_type": 8, "object_id": 35}}, {"model": "read_statistics.readdetail", "pk": 38, "fields": {"read_num": 1, "date": "2020-11-14", "content_type": 8, "object_id": 34}}, {"model": "read_statistics.readdetail", "pk": 39, "fields": {"read_num": 1, "date": "2020-11-14", "content_type": 8, "object_id": 3}}, {"model": "read_statistics.readdetail", "pk": 40, "fields": {"read_num": 1, "date": "2020-11-14", "content_type": 8, "object_id": 33}}, {"model": "read_statistics.readdetail", "pk": 41, "fields": {"read_num": 1, "date": "2020-11-15", "content_type": 8, "object_id": 38}}, {"model": "read_statistics.readdetail", "pk": 42, "fields": {"read_num": 1, "date": "2020-11-16", "content_type": 8, "object_id": 38}}, {"model": "read_statistics.readdetail", "pk": 43, "fields": {"read_num": 1, "date": "2020-11-20", "content_type": 8, "object_id": 38}}, {"model": "read_statistics.readdetail", "pk": 44, "fields": {"read_num": 1, "date": "2020-11-22", "content_type": 8, "object_id": 38}}, {"model": "read_statistics.readdetail", "pk": 45, "fields": {"read_num": 1, "date": "2020-11-27", "content_type": 8, "object_id": 39}}, {"model": "read_statistics.readdetail", "pk": 46, "fields": {"read_num": 1, "date": "2020-11-27", "content_type": 8, "object_id": 38}}, {"model": "read_statistics.readdetail", "pk": 47, "fields": {"read_num": 1, "date": "2020-11-27", "content_type": 8, "object_id": 37}}, {"model": "read_statistics.readdetail", "pk": 48, "fields": {"read_num": 1, "date": "2020-11-30", "content_type": 8, "object_id": 39}}, {"model": "read_statistics.readdetail", "pk": 49, "fields": {"read_num": 1, "date": "2020-11-30", "content_type": 8, "object_id": 38}}, {"model": "read_statistics.readdetail", "pk": 50, "fields": {"read_num": 1, "date": "2020-11-30", "content_type": 8, "object_id": 37}}, {"model": "likes.likecount", "pk": 1, "fields": {"content_type": 8, "object_id": 38, "liked_num": 1}}, {"model": "likes.likecount", "pk": 2, "fields": {"content_type": 8, "object_id": 37, "liked_num": 1}}, {"model": "likes.likecount", "pk": 3, "fields": {"content_type": 8, "object_id": 36, "liked_num": 1}}, {"model": "likes.likecount", "pk": 4, "fields": {"content_type": 8, "object_id": 35, "liked_num": 1}}, {"model": "likes.likecount", "pk": 5, "fields": {"content_type": 8, "object_id": 34, "liked_num": 1}}, {"model": "likes.likecount", "pk": 6, "fields": {"content_type": 8, "object_id": 33, "liked_num": 1}}, {"model": "likes.likecount", "pk": 7, "fields": {"content_type": 8, "object_id": 32, "liked_num": 1}}, {"model": "likes.likecount", "pk": 8, "fields": {"content_type": 12, "object_id": 49, "liked_num": 1}}, {"model": "likes.likecount", "pk": 9, "fields": {"content_type": 12, "object_id": 48, "liked_num": 1}}, {"model": "likes.likecount", "pk": 10, "fields": {"content_type": 12, "object_id": 47, "liked_num": 1}}, {"model": "likes.likecount", "pk": 11, "fields": {"content_type": 12, "object_id": 43, "liked_num": 0}}, {"model": "likes.likecount", "pk": 12, "fields": {"content_type": 12, "object_id": 42, "liked_num": 0}}, {"model": "likes.likecount", "pk": 13, "fields": {"content_type": 12, "object_id": 41, "liked_num": 0}}, {"model": "likes.likecount", "pk": 14, "fields": {"content_type": 12, "object_id": 40, "liked_num": 0}}, {"model": "likes.likecount", "pk": 15, "fields": {"content_type": 12, "object_id": 39, "liked_num": 0}}, {"model": "likes.likecount", "pk": 16, "fields": {"content_type": 12, "object_id": 38, "liked_num": 0}}, {"model": "likes.likecount", "pk": 17, "fields": {"content_type": 12, "object_id": 31, "liked_num": 0}}, {"model": "likes.likecount", "pk": 18, "fields": {"content_type": 12, "object_id": 29, "liked_num": 0}}, {"model": "likes.likecount", "pk": 19, "fields": {"content_type": 12, "object_id": 28, "liked_num": 0}}, {"model": "likes.likecount", "pk": 20, "fields": {"content_type": 12, "object_id": 27, "liked_num": 0}}, {"model": "likes.likecount", "pk": 21, "fields": {"content_type": 12, "object_id": 52, "liked_num": 1}}, {"model": "likes.likecount", "pk": 22, "fields": {"content_type": 12, "object_id": 51, "liked_num": 0}}, {"model": "likes.likecount", "pk": 23, "fields": {"content_type": 12, "object_id": 50, "liked_num": 0}}, {"model": "likes.likecount", "pk": 24, "fields": {"content_type": 12, "object_id": 46, "liked_num": 0}}, {"model": "likes.likecount", "pk": 25, "fields": {"content_type": 12, "object_id": 45, "liked_num": 0}}, {"model": "likes.likecount", "pk": 26, "fields": {"content_type": 12, "object_id": 44, "liked_num": 0}}, {"model": "likes.likecount", "pk": 27, "fields": {"content_type": 12, "object_id": 30, "liked_num": 0}}, {"model": "likes.likecount", "pk": 28, "fields": {"content_type": 12, "object_id": 53, "liked_num": 1}}, {"model": "likes.likecount", "pk": 29, "fields": {"content_type": 12, "object_id": 55, "liked_num": 0}}, {"model": "likes.likecount", "pk": 30, "fields": {"content_type": 12, "object_id": 54, "liked_num": 0}}, {"model": "likes.likecount", "pk": 31, "fields": {"content_type": 12, "object_id": 59, "liked_num": 0}}, {"model": "likes.likecount", "pk": 32, "fields": {"content_type": 12, "object_id": 58, "liked_num": 0}}, {"model": "likes.likecount", "pk": 33, "fields": {"content_type": 12, "object_id": 57, "liked_num": 0}}, {"model": "likes.likecount", "pk": 34, "fields": {"content_type": 12, "object_id": 56, "liked_num": 0}}, {"model": "likes.likecount", "pk": 35, "fields": {"content_type": 12, "object_id": 60, "liked_num": 0}}, {"model": "likes.likecount", "pk": 36, "fields": {"content_type": 12, "object_id": 62, "liked_num": 0}}, {"model": "likes.likecount", "pk": 37, "fields": {"content_type": 12, "object_id": 61, "liked_num": 0}}, {"model": "likes.likecount", "pk": 38, "fields": {"content_type": 12, "object_id": 63, "liked_num": 0}}, {"model": "likes.likecount", "pk": 39, "fields": {"content_type": 12, "object_id": 64, "liked_num": 0}}, {"model": "likes.likecount", "pk": 40, "fields": {"content_type": 12, "object_id": 65, "liked_num": 0}}, {"model": "likes.likecount", "pk": 41, "fields": {"content_type": 12, "object_id": 66, "liked_num": 0}}, {"model": "likes.likecount", "pk": 42, "fields": {"content_type": 12, "object_id": 68, "liked_num": 0}}, {"model": "likes.likecount", "pk": 43, "fields": {"content_type": 12, "object_id": 67, "liked_num": 0}}, {"model": "likes.likecount", "pk": 44, "fields": {"content_type": 12, "object_id": 69, "liked_num": 0}}, {"model": "likes.likecount", "pk": 45, "fields": {"content_type": 12, "object_id": 70, "liked_num": 0}}, {"model": "likes.likecount", "pk": 46, "fields": {"content_type": 12, "object_id": 71, "liked_num": 0}}, {"model": "likes.likecount", "pk": 47, "fields": {"content_type": 12, "object_id": 73, "liked_num": 0}}, {"model": "likes.likecount", "pk": 48, "fields": {"content_type": 12, "object_id": 72, "liked_num": 0}}, {"model": "likes.likecount", "pk": 49, "fields": {"content_type": 12, "object_id": 74, "liked_num": 0}}, {"model": "likes.likecount", "pk": 50, "fields": {"content_type": 12, "object_id": 76, "liked_num": 0}}, {"model": "likes.likecount", "pk": 51, "fields": {"content_type": 12, "object_id": 75, "liked_num": 0}}, {"model": "likes.likecount", "pk": 52, "fields": {"content_type": 12, "object_id": 77, "liked_num": 1}}, {"model": "likes.likecount", "pk": 53, "fields": {"content_type": 12, "object_id": 78, "liked_num": 0}}, {"model": "likes.likecount", "pk": 54, "fields": {"content_type": 12, "object_id": 79, "liked_num": 0}}, {"model": "likes.likecount", "pk": 55, "fields": {"content_type": 12, "object_id": 80, "liked_num": 0}}, {"model": "likes.likecount", "pk": 56, "fields": {"content_type": 12, "object_id": 81, "liked_num": 0}}, {"model": "likes.likecount", "pk": 57, "fields": {"content_type": 12, "object_id": 82, "liked_num": 0}}, {"model": "likes.likecount", "pk": 58, "fields": {"content_type": 12, "object_id": 83, "liked_num": 0}}, {"model": "likes.likecount", "pk": 59, "fields": {"content_type": 8, "object_id": 31, "liked_num": 0}}, {"model": "likes.likecount", "pk": 60, "fields": {"content_type": 8, "object_id": 30, "liked_num": 0}}, {"model": "likes.likecount", "pk": 61, "fields": {"content_type": 8, "object_id": 29, "liked_num": 0}}, {"model": "likes.likecount", "pk": 62, "fields": {"content_type": 8, "object_id": 28, "liked_num": 0}}, {"model": "likes.likecount", "pk": 63, "fields": {"content_type": 8, "object_id": 27, "liked_num": 0}}, {"model": "likes.likecount", "pk": 64, "fields": {"content_type": 8, "object_id": 26, "liked_num": 0}}, {"model": "likes.likecount", "pk": 65, "fields": {"content_type": 8, "object_id": 25, "liked_num": 0}}, {"model": "likes.likecount", "pk": 66, "fields": {"content_type": 8, "object_id": 24, "liked_num": 0}}, {"model": "likes.likecount", "pk": 67, "fields": {"content_type": 8, "object_id": 23, "liked_num": 0}}, {"model": "likes.likecount", "pk": 68, "fields": {"content_type": 8, "object_id": 22, "liked_num": 0}}, {"model": "likes.likecount", "pk": 69, "fields": {"content_type": 8, "object_id": 21, "liked_num": 0}}, {"model": "likes.likecount", "pk": 70, "fields": {"content_type": 8, "object_id": 20, "liked_num": 0}}, {"model": "likes.likecount", "pk": 71, "fields": {"content_type": 8, "object_id": 19, "liked_num": 0}}, {"model": "likes.likecount", "pk": 72, "fields": {"content_type": 8, "object_id": 18, "liked_num": 0}}, {"model": "likes.likecount", "pk": 73, "fields": {"content_type": 8, "object_id": 17, "liked_num": 0}}, {"model": "likes.likecount", "pk": 74, "fields": {"content_type": 8, "object_id": 16, "liked_num": 0}}, {"model": "likes.likecount", "pk": 75, "fields": {"content_type": 8, "object_id": 15, "liked_num": 0}}, {"model": "likes.likecount", "pk": 76, "fields": {"content_type": 8, "object_id": 14, "liked_num": 0}}, {"model": "likes.likecount", "pk": 77, "fields": {"content_type": 8, "object_id": 13, "liked_num": 0}}, {"model": "likes.likecount", "pk": 78, "fields": {"content_type": 8, "object_id": 12, "liked_num": 0}}, {"model": "likes.likecount", "pk": 79, "fields": {"content_type": 8, "object_id": 11, "liked_num": 0}}, {"model": "likes.likecount", "pk": 80, "fields": {"content_type": 8, "object_id": 10, "liked_num": 0}}, {"model": "likes.likecount", "pk": 81, "fields": {"content_type": 8, "object_id": 9, "liked_num": 0}}, {"model": "likes.likecount", "pk": 82, "fields": {"content_type": 8, "object_id": 8, "liked_num": 0}}, {"model": "likes.likecount", "pk": 83, "fields": {"content_type": 8, "object_id": 7, "liked_num": 0}}, {"model": "likes.likecount", "pk": 84, "fields": {"content_type": 8, "object_id": 6, "liked_num": 0}}, {"model": "likes.likecount", "pk": 85, "fields": {"content_type": 8, "object_id": 5, "liked_num": 0}}, {"model": "likes.likecount", "pk": 86, "fields": {"content_type": 8, "object_id": 4, "liked_num": 0}}, {"model": "likes.likecount", "pk": 87, "fields": {"content_type": 8, "object_id": 3, "liked_num": 0}}, {"model": "likes.likecount", "pk": 88, "fields": {"content_type": 12, "object_id": 87, "liked_num": 0}}, {"model": "likes.likecount", "pk": 89, "fields": {"content_type": 12, "object_id": 86, "liked_num": 0}}, {"model": "likes.likecount", "pk": 90, "fields": {"content_type": 12, "object_id": 88, "liked_num": 1}}, {"model": "likes.likecount", "pk": 91, "fields": {"content_type": 8, "object_id": 39, "liked_num": 0}}, {"model": "likes.likecount", "pk": 92, "fields": {"content_type": 12, "object_id": 93, "liked_num": 0}}, {"model": "likes.likecount", "pk": 93, "fields": {"content_type": 12, "object_id": 92, "liked_num": 0}}, {"model": "likes.likecount", "pk": 94, "fields": {"content_type": 12, "object_id": 91, "liked_num": 0}}, {"model": "likes.likecount", "pk": 95, "fields": {"content_type": 12, "object_id": 90, "liked_num": 0}}, {"model": "likes.likecount", "pk": 96, "fields": {"content_type": 12, "object_id": 89, "liked_num": 0}}, {"model": "likes.likecount", "pk": 97, "fields": {"content_type": 12, "object_id": 94, "liked_num": 0}}, {"model": "likes.likecount", "pk": 98, "fields": {"content_type": 12, "object_id": 95, "liked_num": 0}}, {"model": "likes.likecount", "pk": 99, "fields": {"content_type": 12, "object_id": 96, "liked_num": 0}}, {"model": "likes.likecount", "pk": 100, "fields": {"content_type": 12, "object_id": 102, "liked_num": 0}}, {"model": "likes.likecount", "pk": 101, "fields": {"content_type": 12, "object_id": 101, "liked_num": 0}}, {"model": "auth.permission", "pk": 1, "fields": {"name": "Can add log entry", "content_type": 1, "codename": "add_logentry"}}, {"model": "auth.permission", "pk": 2, "fields": {"name": "Can change log entry", "content_type": 1, "codename": "change_logentry"}}, {"model": "auth.permission", "pk": 3, "fields": {"name": "Can delete log entry", "content_type": 1, "codename": "delete_logentry"}}, {"model": "auth.permission", "pk": 4, "fields": {"name": "Can view log entry", "content_type": 1, "codename": "view_logentry"}}, {"model": "auth.permission", "pk": 5, "fields": {"name": "Can add permission", "content_type": 2, "codename": "add_permission"}}, {"model": "auth.permission", "pk": 6, "fields": {"name": "Can change permission", "content_type": 2, "codename": "change_permission"}}, {"model": "auth.permission", "pk": 7, "fields": {"name": "Can delete permission", "content_type": 2, "codename": "delete_permission"}}, {"model": "auth.permission", "pk": 8, "fields": {"name": "Can view permission", "content_type": 2, "codename": "view_permission"}}, {"model": "auth.permission", "pk": 9, "fields": {"name": "Can add group", "content_type": 3, "codename": "add_group"}}, {"model": "auth.permission", "pk": 10, "fields": {"name": "Can change group", "content_type": 3, "codename": "change_group"}}, {"model": "auth.permission", "pk": 11, "fields": {"name": "Can delete group", "content_type": 3, "codename": "delete_group"}}, {"model": "auth.permission", "pk": 12, "fields": {"name": "Can view group", "content_type": 3, "codename": "view_group"}}, {"model": "auth.permission", "pk": 13, "fields": {"name": "Can add user", "content_type": 4, "codename": "add_user"}}, {"model": "auth.permission", "pk": 14, "fields": {"name": "Can change user", "content_type": 4, "codename": "change_user"}}, {"model": "auth.permission", "pk": 15, "fields": {"name": "Can delete user", "content_type": 4, "codename": "delete_user"}}, {"model": "auth.permission", "pk": 16, "fields": {"name": "Can view user", "content_type": 4, "codename": "view_user"}}, {"model": "auth.permission", "pk": 17, "fields": {"name": "Can add content type", "content_type": 5, "codename": "add_contenttype"}}, {"model": "auth.permission", "pk": 18, "fields": {"name": "Can change content type", "content_type": 5, "codename": "change_contenttype"}}, {"model": "auth.permission", "pk": 19, "fields": {"name": "Can delete content type", "content_type": 5, "codename": "delete_contenttype"}}, {"model": "auth.permission", "pk": 20, "fields": {"name": "Can view content type", "content_type": 5, "codename": "view_contenttype"}}, {"model": "auth.permission", "pk": 21, "fields": {"name": "Can add session", "content_type": 6, "codename": "add_session"}}, {"model": "auth.permission", "pk": 22, "fields": {"name": "Can change session", "content_type": 6, "codename": "change_session"}}, {"model": "auth.permission", "pk": 23, "fields": {"name": "Can delete session", "content_type": 6, "codename": "delete_session"}}, {"model": "auth.permission", "pk": 24, "fields": {"name": "Can view session", "content_type": 6, "codename": "view_session"}}, {"model": "auth.permission", "pk": 25, "fields": {"name": "Can add blog type", "content_type": 7, "codename": "add_blogtype"}}, {"model": "auth.permission", "pk": 26, "fields": {"name": "Can change blog type", "content_type": 7, "codename": "change_blogtype"}}, {"model": "auth.permission", "pk": 27, "fields": {"name": "Can delete blog type", "content_type": 7, "codename": "delete_blogtype"}}, {"model": "auth.permission", "pk": 28, "fields": {"name": "Can view blog type", "content_type": 7, "codename": "view_blogtype"}}, {"model": "auth.permission", "pk": 29, "fields": {"name": "Can add blog", "content_type": 8, "codename": "add_blog"}}, {"model": "auth.permission", "pk": 30, "fields": {"name": "Can change blog", "content_type": 8, "codename": "change_blog"}}, {"model": "auth.permission", "pk": 31, "fields": {"name": "Can delete blog", "content_type": 8, "codename": "delete_blog"}}, {"model": "auth.permission", "pk": 32, "fields": {"name": "Can view blog", "content_type": 8, "codename": "view_blog"}}, {"model": "auth.permission", "pk": 33, "fields": {"name": "Can add read num", "content_type": 9, "codename": "add_readnum"}}, {"model": "auth.permission", "pk": 34, "fields": {"name": "Can change read num", "content_type": 9, "codename": "change_readnum"}}, {"model": "auth.permission", "pk": 35, "fields": {"name": "Can delete read num", "content_type": 9, "codename": "delete_readnum"}}, {"model": "auth.permission", "pk": 36, "fields": {"name": "Can view read num", "content_type": 9, "codename": "view_readnum"}}, {"model": "auth.permission", "pk": 37, "fields": {"name": "Can add read num", "content_type": 10, "codename": "add_readnum"}}, {"model": "auth.permission", "pk": 38, "fields": {"name": "Can change read num", "content_type": 10, "codename": "change_readnum"}}, {"model": "auth.permission", "pk": 39, "fields": {"name": "Can delete read num", "content_type": 10, "codename": "delete_readnum"}}, {"model": "auth.permission", "pk": 40, "fields": {"name": "Can view read num", "content_type": 10, "codename": "view_readnum"}}, {"model": "auth.permission", "pk": 41, "fields": {"name": "Can add read detail", "content_type": 11, "codename": "add_readdetail"}}, {"model": "auth.permission", "pk": 42, "fields": {"name": "Can change read detail", "content_type": 11, "codename": "change_readdetail"}}, {"model": "auth.permission", "pk": 43, "fields": {"name": "Can delete read detail", "content_type": 11, "codename": "delete_readdetail"}}, {"model": "auth.permission", "pk": 44, "fields": {"name": "Can view read detail", "content_type": 11, "codename": "view_readdetail"}}, {"model": "auth.permission", "pk": 45, "fields": {"name": "Can add comment", "content_type": 12, "codename": "add_comment"}}, {"model": "auth.permission", "pk": 46, "fields": {"name": "Can change comment", "content_type": 12, "codename": "change_comment"}}, {"model": "auth.permission", "pk": 47, "fields": {"name": "Can delete comment", "content_type": 12, "codename": "delete_comment"}}, {"model": "auth.permission", "pk": 48, "fields": {"name": "Can view comment", "content_type": 12, "codename": "view_comment"}}, {"model": "auth.permission", "pk": 49, "fields": {"name": "Can add like count", "content_type": 13, "codename": "add_likecount"}}, {"model": "auth.permission", "pk": 50, "fields": {"name": "Can change like count", "content_type": 13, "codename": "change_likecount"}}, {"model": "auth.permission", "pk": 51, "fields": {"name": "Can delete like count", "content_type": 13, "codename": "delete_likecount"}}, {"model": "auth.permission", "pk": 52, "fields": {"name": "Can add like record", "content_type": 14, "codename": "add_likerecord"}}, {"model": "auth.permission", "pk": 53, "fields": {"name": "Can change like record", "content_type": 14, "codename": "change_likerecord"}}, {"model": "auth.permission", "pk": 54, "fields": {"name": "Can delete like record", "content_type": 14, "codename": "delete_likerecord"}}, {"model": "auth.permission", "pk": 55, "fields": {"name": "Can add profile", "content_type": 15, "codename": "add_profile"}}, {"model": "auth.permission", "pk": 56, "fields": {"name": "Can change profile", "content_type": 15, "codename": "change_profile"}}, {"model": "auth.permission", "pk": 57, "fields": {"name": "Can delete profile", "content_type": 15, "codename": "delete_profile"}}, {"model": "auth.user", "pk": 1, "fields": {"password": "pbkdf2_sha256$100000$noRaKqwJr5p9$02t28S5QRTT5KLSnHkjE0EAf1aKyX3rcOkh1J/kmb2Y=", "last_login": "2020-11-23T04:29:48.385Z", "is_superuser": true, "username": "jq", "first_name": "", "last_name": "", "email": "1813904872@qq.com", "is_staff": true, "is_active": true, "date_joined": "2020-04-13T08:07:00Z", "groups": [], "user_permissions": []}}, {"model": "auth.user", "pk": 2, "fields": {"password": "pbkdf2_sha256$100000$hbAO5ifoFyUM$iHkE02FeVKRdncNuqTqJTeosmnaPnVzhA9o68WiqRik=", "last_login": "2020-11-22T08:58:46.964Z", "is_superuser": true, "username": "\u4e0d\u676f", "first_name": "", "last_name": "", "email": "791027083@qq.com", "is_staff": true, "is_active": true, "date_joined": "2020-08-03T07:54:00Z", "groups": [], "user_permissions": []}}, {"model": "auth.user", "pk": 3, "fields": {"password": "pbkdf2_sha256$100000$CCjmhFMMoFCr$G+lWZf9/MJKaa0sI/vrnFIxh7HfinSnHvvtyy7O761M=", "last_login": "2020-11-30T07:19:52.762Z", "is_superuser": true, "username": "test", "first_name": "", "last_name": "", "email": "jq79@whut.edu.cn", "is_staff": true, "is_active": true, "date_joined": "2020-11-21T07:51:00Z", "groups": [], "user_permissions": []}}, {"model": "auth.user", "pk": 4, "fields": {"password": "pbkdf2_sha256$100000$Hhs14NqV8kZj$pYLlIebiL9oYAnrNecUOsX0ykjIRQMFfZ6V072PMfFo=", "last_login": "2020-11-22T07:24:03.925Z", "is_superuser": false, "username": "Echo", "first_name": "", "last_name": "", "email": "977632210@qq.com", "is_staff": false, "is_active": true, "date_joined": "2020-11-22T07:01:00Z", "groups": [], "user_permissions": []}}, {"model": "bowen.blog", "pk": 1, "fields": {"blog_type": 1, "title": "hahah", "content": "\u4f60\u6709\u6545\u4eba\u62b1\u5251\u53bb", "author": 1, "created_time": "2020-04-13T08:26:41.636Z", "last_updated_time": "2020-04-13T08:26:41.636Z"}}, {"model": "bowen.blog", "pk": 2, "fields": {"blog_type": 1, "title": "nicai", "content": "0000000000000000022222222\u54c8\u54c8\u54c8\u54c8\u54c8\u54c8\u54c8\u54c8\u54c8\u54c8\u54c8\u54c8\u54c8\u54c8222222222222222221564464641346", "author": 1, "created_time": "2020-04-13T09:24:02.618Z", "last_updated_time": "2020-04-13T09:24:51.273Z"}}, {"model": "bowen.blog", "pk": 3, "fields": {"blog_type": 1, "title": "\u6279\u91cf\u5b89\u88c5", "content": "<p>\u738b\u4f01\u9e45\u7fa4\u7fc1\u7fa4</p>\r\n\r\n<pre>\r\n<code class=\"language-python\">import os # libs \u662f\u60f3\u6279\u91cf\u5b89\u88c5\u7684\u7b2c\u4e09\u65b9\u5e93\u7684\u540d\u5b57\u5217\u8868\uff0c\u53ef\u589e\u51cf \r\nlibs[\"jieba\",\"numpy\",\"matplotlib\",\"pillow\",\"pandas\",\"scipy\",\"sympy\",\"wordcloud\",\"repuests\",\"beautifulsoup4\",\"wheel\",\"pyinstaller\",\"sqlalchemy\",\"requests\",\"Scrapy\"] \r\ntry: for lib in libs: # \u904d\u5386\u5217\u8868\u4e2d\u7684\u7b2c\u4e09\u65b9\u5e93\u540d\uff0c\u6bcf\u6b21\u53d6\u5176\u4e2d\u4e00\u4e2a\u7b2c\u4e09\u65b9\u5e93\u7684\u540d\u5b57 \r\n   os.system(\"pip install \"+lib) # \u8c03\u7528cmd\u5e76\u6267\u884cpip install \u7b2c\u4e09\u65b9\u5e93\u540d \r\n   print(\"\u5b89\u88c5\u6210\u529f\") # \u5b89\u88c5\u6210\u529f\u8fd4\u56de\u63d0\u793a\u4fe1\u606f \r\nexcept:  \r\n   print(\"\u5b89\u88c5\u5931\u8d25\") # \u5b89\u88c5\u5931\u8d25\u7684\u63d0\u793a\u4fe1\u606f</code></pre>", "author": 1, "created_time": "2020-04-21T08:35:46.572Z", "last_updated_time": "2020-08-11T06:56:36.145Z"}}, {"model": "bowen.blog", "pk": 4, "fields": {"blog_type": 2, "title": "\u4f60\u8bf4\u4f60\u4e0d\u61c2", "content": "xxxxxxxxx", "author": 1, "created_time": "2020-04-21T11:58:00.315Z", "last_updated_time": "2020-04-21T11:58:00.315Z"}}, {"model": "bowen.blog", "pk": 5, "fields": {"blog_type": 2, "title": "for 1", "content": "xxxx:1", "author": 1, "created_time": "2020-04-21T12:11:57.180Z", "last_updated_time": "2020-04-21T12:11:57.180Z"}}, {"model": "bowen.blog", "pk": 6, "fields": {"blog_type": 2, "title": "for 2", "content": "xxxx:2", "author": 1, "created_time": "2020-04-21T12:11:57.185Z", "last_updated_time": "2020-04-21T12:11:57.185Z"}}, {"model": "bowen.blog", "pk": 7, "fields": {"blog_type": 2, "title": "for 3", "content": "xxxx:3", "author": 1, "created_time": "2020-04-21T12:11:57.189Z", "last_updated_time": "2020-04-21T12:11:57.189Z"}}, {"model": "bowen.blog", "pk": 8, "fields": {"blog_type": 2, "title": "for 4", "content": "xxxx:4", "author": 1, "created_time": "2020-04-21T12:11:57.194Z", "last_updated_time": "2020-04-21T12:11:57.194Z"}}, {"model": "bowen.blog", "pk": 9, "fields": {"blog_type": 2, "title": "for 5", "content": "xxxx:5", "author": 1, "created_time": "2020-04-21T12:11:57.201Z", "last_updated_time": "2020-04-21T12:11:57.201Z"}}, {"model": "bowen.blog", "pk": 10, "fields": {"blog_type": 2, "title": "for 6", "content": "xxxx:6", "author": 1, "created_time": "2020-04-21T12:11:57.206Z", "last_updated_time": "2020-04-21T12:11:57.206Z"}}, {"model": "bowen.blog", "pk": 11, "fields": {"blog_type": 2, "title": "for 7", "content": "xxxx:7", "author": 1, "created_time": "2020-04-21T12:11:57.211Z", "last_updated_time": "2020-04-21T12:11:57.211Z"}}, {"model": "bowen.blog", "pk": 12, "fields": {"blog_type": 2, "title": "for 8", "content": "xxxx:8", "author": 1, "created_time": "2020-04-21T12:11:57.215Z", "last_updated_time": "2020-04-21T12:11:57.215Z"}}, {"model": "bowen.blog", "pk": 13, "fields": {"blog_type": 2, "title": "for 9", "content": "xxxx:9", "author": 1, "created_time": "2020-04-21T12:11:57.220Z", "last_updated_time": "2020-04-21T12:11:57.220Z"}}, {"model": "bowen.blog", "pk": 14, "fields": {"blog_type": 2, "title": "for 10", "content": "xxxx:10", "author": 1, "created_time": "2020-04-21T12:11:57.224Z", "last_updated_time": "2020-04-21T12:11:57.224Z"}}, {"model": "bowen.blog", "pk": 15, "fields": {"blog_type": 2, "title": "for 11", "content": "xxxx:11", "author": 1, "created_time": "2020-04-21T12:11:57.228Z", "last_updated_time": "2020-04-21T12:11:57.228Z"}}, {"model": "bowen.blog", "pk": 16, "fields": {"blog_type": 2, "title": "for 12", "content": "xxxx:12", "author": 1, "created_time": "2020-04-21T12:11:57.232Z", "last_updated_time": "2020-04-21T12:11:57.232Z"}}, {"model": "bowen.blog", "pk": 17, "fields": {"blog_type": 1, "title": "for 13", "content": "xxxx:13", "author": 1, "created_time": "2020-04-21T12:11:57.236Z", "last_updated_time": "2020-07-25T09:23:23.316Z"}}, {"model": "bowen.blog", "pk": 18, "fields": {"blog_type": 2, "title": "for 14", "content": "xxxx:14", "author": 1, "created_time": "2020-04-21T12:11:57.240Z", "last_updated_time": "2020-04-21T12:11:57.240Z"}}, {"model": "bowen.blog", "pk": 19, "fields": {"blog_type": 1, "title": "for 15", "content": "xxxx:15", "author": 1, "created_time": "2020-04-21T12:11:57.243Z", "last_updated_time": "2020-07-25T09:23:18.612Z"}}, {"model": "bowen.blog", "pk": 20, "fields": {"blog_type": 2, "title": "for 16", "content": "xxxx:16", "author": 1, "created_time": "2020-04-21T12:11:57.247Z", "last_updated_time": "2020-04-21T12:11:57.247Z"}}, {"model": "bowen.blog", "pk": 21, "fields": {"blog_type": 2, "title": "for 17", "content": "xxxx:17", "author": 1, "created_time": "2020-04-21T12:11:57.251Z", "last_updated_time": "2020-04-21T12:11:57.251Z"}}, {"model": "bowen.blog", "pk": 22, "fields": {"blog_type": 2, "title": "for 18", "content": "xxxx:18", "author": 1, "created_time": "2020-04-21T12:11:57.255Z", "last_updated_time": "2020-04-21T12:11:57.255Z"}}, {"model": "bowen.blog", "pk": 23, "fields": {"blog_type": 2, "title": "for 19", "content": "xxxx:19", "author": 1, "created_time": "2020-04-21T12:11:57.259Z", "last_updated_time": "2020-04-21T12:11:57.259Z"}}, {"model": "bowen.blog", "pk": 24, "fields": {"blog_type": 2, "title": "for 20", "content": "xxxx:20", "author": 1, "created_time": "2020-04-21T12:11:57.262Z", "last_updated_time": "2020-04-21T12:11:57.262Z"}}, {"model": "bowen.blog", "pk": 25, "fields": {"blog_type": 2, "title": "for 21", "content": "xxxx:21", "author": 1, "created_time": "2020-04-21T12:11:57.266Z", "last_updated_time": "2020-04-21T12:11:57.266Z"}}, {"model": "bowen.blog", "pk": 26, "fields": {"blog_type": 2, "title": "for 22", "content": "xxxx:22", "author": 1, "created_time": "2020-04-21T12:11:57.269Z", "last_updated_time": "2020-04-21T12:11:57.269Z"}}, {"model": "bowen.blog", "pk": 27, "fields": {"blog_type": 2, "title": "for 23", "content": "xxxx:23", "author": 1, "created_time": "2020-04-21T12:11:57.273Z", "last_updated_time": "2020-04-21T12:11:57.273Z"}}, {"model": "bowen.blog", "pk": 28, "fields": {"blog_type": 2, "title": "for 24", "content": "xxxx:24", "author": 1, "created_time": "2020-04-21T12:11:57.277Z", "last_updated_time": "2020-04-21T12:11:57.277Z"}}, {"model": "bowen.blog", "pk": 29, "fields": {"blog_type": 2, "title": "for 25", "content": "xxxx:25", "author": 1, "created_time": "2020-04-21T12:11:57.280Z", "last_updated_time": "2020-04-21T12:11:57.280Z"}}, {"model": "bowen.blog", "pk": 30, "fields": {"blog_type": 2, "title": "for 26", "content": "xxxx:26", "author": 1, "created_time": "2020-04-21T12:11:57.284Z", "last_updated_time": "2020-04-21T12:11:57.284Z"}}, {"model": "bowen.blog", "pk": 31, "fields": {"blog_type": 2, "title": "for 27", "content": "xxxx:27", "author": 1, "created_time": "2020-04-21T12:11:57.288Z", "last_updated_time": "2020-04-21T12:11:57.288Z"}}, {"model": "bowen.blog", "pk": 32, "fields": {"blog_type": 1, "title": "for 28", "content": "xxxx:28", "author": 1, "created_time": "2020-04-21T12:11:57.291Z", "last_updated_time": "2020-07-25T09:23:07.783Z"}}, {"model": "bowen.blog", "pk": 33, "fields": {"blog_type": 1, "title": "for 29", "content": "xxxx:29", "author": 1, "created_time": "2020-04-21T12:11:57.295Z", "last_updated_time": "2020-07-25T09:21:06.634Z"}}, {"model": "bowen.blog", "pk": 34, "fields": {"blog_type": 2, "title": "\u4e0d\u61c2", "content": "\u6709\u4e00\u8bf4\u4e00\u786e\u5b9e", "author": 1, "created_time": "2020-04-21T12:11:57.299Z", "last_updated_time": "2020-07-27T11:27:40.102Z"}}, {"model": "bowen.blog", "pk": 35, "fields": {"blog_type": 1, "title": "python\u7684\u524d\u9014\u4f55\u5728", "content": "\u54c8\u54c8\u54c8\u54c8", "author": 1, "created_time": "2020-07-27T12:10:27.137Z", "last_updated_time": "2020-07-27T12:10:27.137Z"}}, {"model": "bowen.blog", "pk": 36, "fields": {"blog_type": 2, "title": "\u54c8\u54c8\u54c8\u54c8\u54c8", "content": "\u5927\u5927", "author": 1, "created_time": "2020-07-27T12:14:08.189Z", "last_updated_time": "2020-07-27T12:14:08.189Z"}}, {"model": "bowen.blog", "pk": 37, "fields": {"blog_type": 3, "title": "\u4e0d\u60b2", "content": "<hr />\r\n<p>&nbsp; &nbsp; &nbsp; &nbsp;\u4eba\u4e16\u95f4\u7e41\u534e\u4e0e\u6211\u65e0\u5173\uff0c\u9047\u89c1\u4f60\u4e09\u751f\u6709\u5e78\u3002<br />\r\n<img alt=\"\" src=\"/media/upload/2020/07/29/78bdc0e7f72a3d4f9dbc1e81f5ed320f.gif\" style=\"float:left; height:52px; width:300px\" /></p>\r\n\r\n<p>&nbsp;</p>\r\n\r\n<p><span style=\"font-family:Tahoma,Geneva,sans-serif\"><span style=\"font-size:22px\"><strong><img alt=\"\" src=\"/media/upload/2020/10/24/5d85d6a0f8566fed3e9e62f9300d8e5e_7632465409478504477.gif\" style=\"height:500px; width:500px\" /></strong></span></span></p>\r\n\r\n<p>\u54c8\u54c8\u54c8\u54c8\u54c8\u54c8</p>", "author": 1, "created_time": "2020-07-27T12:14:14.582Z", "last_updated_time": "2020-10-24T14:58:33.411Z"}}, {"model": "bowen.blog", "pk": 38, "fields": {"blog_type": 1, "title": "1985-2015\u81ea\u6740\u6570\u636e\u5206\u6790\u548c\u53ef\u89c6\u5316", "content": "<p>&nbsp;</p>\r\n\r\n<ol>\r\n\t<li><strong><span style=\"font-size:12pt\"><span style=\"font-family:\u5b8b\u4f53\"><span style=\"font-size:14.0pt\"><span style=\"color:#555555\">\u524d\u8a00\u548c\u6548\u679c\u5c55\u793a</span></span></span></span></strong></li>\r\n</ol>\r\n\r\n<p><span style=\"font-size:12pt\"><span style=\"font-family:\u5b8b\u4f53\"><span style=\"font-size:10.5pt\"><span style=\"color:#555555\">\u52a0\u7f2a\u8bf4\uff0c\u81ea\u6740\u662f\u552f\u4e00\u4e25\u8083\u7684\u54f2\u5b66\u95ee\u9898\u3002\u6d82\u5c14\u5e72\u7684\u81ea\u6740\u7406\u8bba\u6307\u51fa\uff0c\u4e00\u4e2a\u5b8c\u5168\u6ca1\u6709\u81ea\u6740\u7684\u793e\u4f1a\u662f\u4e00\u4e2a\u4f4e\u4fd7\u800c\u5371\u9669\u7684\u793e\u4f1a\u3002\u4e00\u4e2a\u6b63\u5e38\u7684\u793e\u4f1a\u91cc\uff0c\u9700\u8981\u7ecf\u8fc7\u81ea\u6740\u6765\u6e05\u6d17\u4e00\u4e9b\u5fc5\u987b\u6e05\u6d17\u7684\u4eba\u3002 \u5e76\u901a\u8fc7\u81ea\u6740\u6765\u5f20\u626c\u4e00\u79cd\u5d07\u9ad8\u7684\u5fb7\u6027\u3002\u6709\u4e9b\u4e1c\u897f\u662f\u6bd4\u751f\u547d\u8fd8\u8981\u91cd\u8981\u7684\uff0c\u4e00\u4e2a\u63a8\u5d07\u751f\u547d\u9ad8\u4e8e-\u5207\u7684\u793e\u4f1a\u65e0\u7591\u662f\u5371\u9669\u7684\u3002 \u6709\u65f6\u5019,\u7231\u3001\u81ea\u7531\u3001\u7406\u60f3\u751a\u81f3\u5c0a\u4e25\u662f\u9700\u8981\u6211\u4eec\u7528\u751f\u547d\u505a\u4ee3\u4ef7\u6765\u7ef4\u62a4\u7740\u7684\u3002\u52a0\u7f2a\u4f5c\u54c1\u7684\u6587\u5b66\u6027\u9ad8\u4e8e\u54f2\u5b66\u6027\uff0c\u4f46\u4e0d\u80fd\u56e0\u6b64\u800c\u5426\u5b9a\u5176\u54f2\u5b66\u601d\u8003\u3002\u81ea\u6740\u80cc\u540e\u9690\u85cf\u7740\u4e00\u4e2a\u95ee\u9898:\u4e3a\u4ec0\u4e48\u7ee7\u7eed\u6d3b\u4e0b\u53bb\u6216\u751f\u6d3b\u662f\u5426\u503c\u5f97\u3002\u81ea\u6740\u4e8b\u4ef6\u53d1\u751f\u5728\u6211\u4eec\u7684\u5468\u56f4\u597d\u50cf\u5c61\u89c1\u4e0d\u9c9c\u4e86\uff0c\u81ea\u6740\u662f\u7531\u591a\u65b9\u56e0\u7d20\u5f62\u6210\u7684\uff0c\u793e\u4f1a\u80cc\u666f\uff0c\u5b97\u6559\u4fe1\u4ef0\uff0c\u65f6\u4ee3\u538b\u529b\uff0c\u4eba\u7684\u7ecf\u5386\u7b49\uff0c\u4eba\u662f\u56e0\u4f1f\u5927\u800c\u732e\u8eab\u90a3\u662f\u5947\u8ff9\uff0c\u5927\u591a\u6570\u4eba\u4e3a\u4f55\u8981\u81ea\u6211\u629b\u5f03\u5462\uff1f\u5de7\u5728kaggle\u770b\u5230\u76f8\u5173\u6570\u636e\uff0c\u56e0\u6b64\u6211\u505a\u4e86\u672c\u6b21\u5206\u6790\u3002</span></span></span></span></p>\r\n\r\n<p><span style=\"font-size:8px\"><img src=\"/media/upload/2020/08/09/image-20200809171514-1.png\" style=\"height:346px; width:750px\" /></span></p>\r\n\r\n<p><span style=\"font-size:12pt\"><span style=\"font-family:\u5b8b\u4f53\"><strong><span style=\"font-size:14.0pt\"><span style=\"color:#555555\">2</span></span></strong><strong><span style=\"font-size:14.0pt\"><span style=\"color:#555555\">\uff0e\u5b9e\u73b0\u7684\u57fa\u672c\u8fc7\u7a0b</span></span></strong></span></span></p>\r\n\r\n<p><span style=\"font-size:12pt\"><span style=\"font-family:\u5b8b\u4f53\"><strong>&nbsp;&nbsp;&nbsp;&nbsp;&nbsp; </strong><strong><span style=\"font-family:&quot;Segoe UI&quot;,sans-serif\"><span style=\"color:#555555\">2.1</span></span></strong><strong><span style=\"color:#555555\">\u6570\u636e\u5904\u7406</span></strong></span></span></p>\r\n\r\n<p><span style=\"font-size:12pt\"><span style=\"font-family:\u5b8b\u4f53\"><strong>&nbsp;&nbsp;&nbsp;&nbsp;&nbsp;&nbsp;&nbsp;&nbsp;&nbsp;&nbsp;&nbsp; </strong><span style=\"font-size:10.5pt\"><span style=\"color:#555555\">\u4e0b\u8f7d\u5f97\u5230\u6587\u4ef6master.csv\u3002\u5229\u7528pandas\u5e93\u8fdb\u884c\u6570\u636e\u9884\u5904\u7406\u5f97\u5230dateframe\u683c\u5f0f\u6570\u636edate\u3002</span></span></span></span></p>\r\n\r\n<p><img src=\"/media/upload/2020/08/09/image-20200809171514-2.png\" style=\"height:332px; width:733px\" /></p>\r\n\r\n<p><span style=\"font-size:12pt\"><span style=\"font-family:\u5b8b\u4f53\"><span style=\"font-size:10.5pt\"><span style=\"color:#555555\">\u4f7f\u7528</span></span><span style=\"font-size:10.5pt\"><span style=\"font-family:&quot;Segoe UI&quot;,sans-serif\"><span style=\"color:#555555\">iloc</span></span></span><span style=\"font-size:10.5pt\"><span style=\"color:#555555\">\u51fd\u6570\u7684\u5230\u6240\u9700\u8981\u7684\u4fe1\u606f\u518d\u5229\u7528</span></span><span style=\"font-size:10.5pt\"><span style=\"font-family:&quot;Segoe UI&quot;,sans-serif\"><span style=\"color:#555555\">NumPy</span></span></span><span style=\"font-size:10.5pt\"><span style=\"color:#555555\">\u5e93\u7684\u76f8\u5173\u51fd\u6570\u8f6c\u5316\u6210\u5217\u8868</span></span></span></span></p>\r\n\r\n<p><img src=\"/media/upload/2020/08/09/image-20200809171514-3.png\" style=\"height:283px; width:614px\" /></p>\r\n\r\n<p><span style=\"font-size:12pt\"><span style=\"font-family:\u5b8b\u4f53\"><span style=\"font-size:10.5pt\"><span style=\"color:#555555\">\u5229\u7528\u5faa\u73af\u904d\u5386\u6761\u4ef6\u5206\u652f\u7684\u5230\u5217\u8868</span></span><span style=\"font-size:10.5pt\"><span style=\"font-family:&quot;Segoe UI&quot;,sans-serif\"><span style=\"color:#555555\">male</span></span></span><span style=\"font-size:10.5pt\"><span style=\"color:#555555\">\uff0c</span></span><span style=\"font-size:10.5pt\"><span style=\"font-family:&quot;Segoe UI&quot;,sans-serif\"><span style=\"color:#555555\">female</span></span></span><span style=\"font-size:10.5pt\"><span style=\"color:#555555\">\uff0c</span></span><span style=\"font-size:10.5pt\"><span style=\"font-family:&quot;Segoe UI&quot;,sans-serif\"><span style=\"color:#555555\">suicides</span></span></span><span style=\"font-size:10.5pt\"><span style=\"color:#555555\">\u3002</span></span></span></span></p>\r\n\r\n<p><img src=\"/media/upload/2020/08/09/image-20200809171514-4.png\" style=\"height:223px; width:482px\" /></p>\r\n\r\n<p><span style=\"font-size:12pt\"><span style=\"font-family:\u5b8b\u4f53\"><span style=\"font-size:10.5pt\"><span style=\"color:#555555\">\u5f97\u5230\u5e74\u76f8\u5173\u6570\u636e\u5b57\u5178</span></span><span style=\"font-size:10.5pt\"><span style=\"font-family:&quot;Segoe UI&quot;,sans-serif\"><span style=\"color:#555555\">shujuzonghe</span></span></span><span style=\"font-size:10.5pt\"><span style=\"color:#555555\">\uff0c\u7528\u4e8e\u7ed8\u5236</span></span><span style=\"font-size:10.5pt\"><span style=\"font-family:&quot;Segoe UI&quot;,sans-serif\"><span style=\"color:#555555\">timeline</span></span></span><span style=\"font-size:10.5pt\"><span style=\"color:#555555\">\u56fe\u3002</span></span></span></span></p>\r\n\r\n<p><span style=\"font-size:12pt\"><span style=\"font-family:\u5b8b\u4f53\"><span style=\"font-size:10.5pt\"><span style=\"color:#555555\">\u56e0\u4e3a\u753b\u56fe\u65f6\u6570\u636e\u5bfc\u5165\u90fd\u662f\u5217\u8868\u6216\u8005\u5b57\u5178\uff0c\u6240\u4ee5\u5199\u4e86\u51e0\u4e2a\u7b80\u5355\u7684\u8c03\u7528\u51fd\u6570\u7528\u6765\u5904\u7406\u6570\u636e\uff0c\u540c\u65f6\u8f6c\u5316</span></span></span></span></p>\r\n\r\n<p><img src=\"/media/upload/2020/08/09/image-20200809171514-5.png\" style=\"height:315px; width:437px\" /><img src=\"/media/upload/2020/08/09/image-20200809171514-6.png\" style=\"height:155px; width:264px\" /></p>\r\n\r\n<p><span style=\"font-size:12pt\"><span style=\"font-family:\u5b8b\u4f53\"><strong><span style=\"font-size:14.0pt\"><span style=\"font-family:&quot;Segoe UI&quot;,sans-serif\"><span style=\"color:#555555\">2.2</span></span></span></strong><strong><span style=\"font-size:14.0pt\"><span style=\"color:#555555\">\u7ed8\u56fe\u8fc7\u7a0b</span></span></strong></span></span></p>\r\n\r\n<p><span style=\"font-size:12pt\"><span style=\"font-family:\u5b8b\u4f53\"><strong><span style=\"font-family:&quot;Segoe UI&quot;,sans-serif\"><span style=\"color:#555555\">2.2.1 </span></span></strong><strong><span style=\"color:#555555\">\u6761\u5f62\u56fe\uff08\u603b\u81ea\u6740\u4eba\u6570\uff09</span></strong></span></span></p>\r\n\r\n<p><img src=\"/media/upload/2020/08/09/image-20200809171514-7.png\" style=\"height:507px; width:750px\" /></p>\r\n\r\n<p style=\"margin-left:16px\"><span style=\"font-size:12pt\"><span style=\"font-family:\u5b8b\u4f53\"><span style=\"font-size:10.5pt\"><span style=\"color:#555555\">\u4f7f\u7528\u4e3b\u9898</span></span><span style=\"font-size:10.5pt\"><span style=\"font-family:&quot;Segoe UI&quot;,sans-serif\"><span style=\"color:#555555\">essos</span></span></span><span style=\"font-size:10.5pt\"><span style=\"color:#555555\">\uff0c\u6a2a\u8f74</span></span><span style=\"font-size:10.5pt\"><span style=\"font-family:&quot;Segoe UI&quot;,sans-serif\"><span style=\"color:#555555\">x</span></span></span><span style=\"font-size:10.5pt\"><span style=\"color:#555555\">\u7528\u7684\u662f\u5217\u8868\u63a8\u5bfc\u5f0f\u5f97\u5230\u7684</span></span><span style=\"font-size:10.5pt\"><span style=\"font-family:&quot;Segoe UI&quot;,sans-serif\"><span style=\"color:#555555\">1985-2016</span></span></span><span style=\"font-size:10.5pt\"><span style=\"color:#555555\">\u5e74\uff08</span></span><span style=\"font-size:10.5pt\"><span style=\"font-family:&quot;Segoe UI&quot;,sans-serif\"><span style=\"color:#555555\">2016</span></span></span><span style=\"font-size:10.5pt\"><span style=\"color:#555555\">\u5e74\u6570\u636e\u7f3a\u5931\u4e25\u91cd\uff09\u7eb5\u8f74\u662f\u7528\u51fd\u6570</span></span><span style=\"font-size:10.5pt\"><span style=\"font-family:&quot;Segoe UI&quot;,sans-serif\"><span style=\"color:#555555\">datetolist</span></span></span><span style=\"font-size:10.5pt\"><span style=\"color:#555555\">\u628a</span></span><span style=\"font-size:10.5pt\"><span style=\"font-family:&quot;Segoe UI&quot;,sans-serif\"><span style=\"color:#555555\">date_y</span></span></span><span style=\"font-size:10.5pt\"><span style=\"color:#555555\">\u8f6c\u5316\u4e3a\u5217\u8868\u3002</span></span></span></span></p>\r\n\r\n<p style=\"margin-left:16px\"><span style=\"font-size:12pt\"><span style=\"font-family:\u5b8b\u4f53\"><strong><span style=\"font-family:&quot;Segoe UI&quot;,sans-serif\"><span style=\"color:#555555\">2.2.2</span></span></strong><strong><span style=\"color:#555555\">\u6298\u7ebf\u56fe\uff08\u4e16\u754c\u81ea\u6740\u7387\uff09</span></strong></span></span></p>\r\n\r\n<p><img src=\"/media/upload/2020/08/09/image-20200809171514-8.png\" style=\"height:421px; width:750px\" /></p>\r\n\r\n<p><span style=\"font-size:12pt\"><span style=\"font-family:\u5b8b\u4f53\">&nbsp;&nbsp; <span style=\"font-size:10.5pt\"><span style=\"color:#555555\">\u6298\u7ebf\u56fe\u91c7\u7528\u5355\u72ec\u7684line_chart.py\u6587\u4ef6\u521b\u7acb\uff0c\u5728\u5bfc\u5165page\u91cc\u6298\u7ebf\u56fe\u53ea\u663e\u793a\u5750\u6807\u8f74\u65e0\u6cd5\u89e3\u51b3\uff0c\u9632\u6b62\u529f\u80fd\u7d2f\u8d58\uff0c\u76f4\u63a5\u8c03\u7528page_while.py\u7684\u76f8\u5173\u51fd\u6570\u548c\u4ee5\u8bbe\u5217\u8868\uff0c\u4e3a\u663e\u793a\u66f2\u7ebf\u7684\u53d8\u5316\u7a0b\u5ea6\uff0c\u6539\u53d8\u4e86\u7eb5\u8f74y\u7684\u533a\u95f4[min,max]\u4e3a[11,17]\u3002</span></span></span></span></p>\r\n\r\n<p><span style=\"font-size:12pt\"><span style=\"font-family:\u5b8b\u4f53\"><strong><span style=\"color:#555555\">2.2.3 </span></strong><strong><span style=\"color:#555555\">\u4e16\u754c\u5206\u5e03\u5730\u56fe</span></strong></span></span></p>\r\n\r\n<p><img src=\"/media/upload/2020/08/09/image-20200809171514-9.png\" style=\"height:364px; width:750px\" /></p>\r\n\r\n<p><span style=\"font-size:12pt\"><span style=\"font-family:\u5b8b\u4f53\"><span style=\"font-size:10.5pt\"><span style=\"color:#555555\">\u4ee5</span></span><span style=\"font-size:10.5pt\"><span style=\"font-family:&quot;Segoe UI&quot;,sans-serif\"><span style=\"color:#555555\">&rsquo;country&rsquo;</span></span></span><span style=\"font-size:10.5pt\"><span style=\"color:#555555\">\u4e3a\u5173\u952e\u5b57\u5f97\u5230</span></span><span style=\"font-size:10.5pt\"><span style=\"color:#555555\">&#39;suicides/100k&nbsp;pop&#39;</span></span><span style=\"font-size:10.5pt\"><span style=\"color:#555555\">\u7684\u5404\u56fd\u5e73\u5747\u503ccountry_y\uff0c\u518d\u7528zip\u51fd\u6570\u8ba9country_y\u548cyear\u5408\u5e76\u6210\u5b57\u5178\u3002\u518d\u5c06\u5b57\u5178\u8f6c\u5316\u6210\u5217\u8868\uff0c\u5c06\u6570\u636e\u5bfc\u5165\u5730\u56fe\u4e2d\u3002</span></span></span></span></p>\r\n\r\n<p><span style=\"font-size:12pt\"><span style=\"font-family:\u5b8b\u4f53\"><strong><span style=\"color:#555555\">2.2.4 timeline</span></strong><strong><span style=\"color:#555555\">\u7ec4\u5408\u56fe</span></strong></span></span></p>\r\n\r\n<p><img src=\"/media/upload/2020/08/09/image-20200809171514-10.png\" style=\"height:377px; width:750px\" /></p>\r\n\r\n<p><span style=\"font-size:12pt\"><span style=\"font-family:\u5b8b\u4f53\"><span style=\"font-size:10.5pt\"><span style=\"color:#555555\">\u9009\u53d6\u4e869\u4e2a\u9ad8\u6b7b\u4ea1\u7387\u7684\u56fd\u5bb6\u5965\u5730\u5229\uff0c\u6bd4\u5229\u65f6\uff0c\u7231\u6c99\u5c3c\u4e9a\uff0c\u82ac\u5170\uff0c\u6cd5\u56fd\uff0c\u5308\u7259\u5229\uff0c\u65e5\u672c\uff0c\u585e\u5c14\u7ef4\u4e9a\uff0c\u4e4c\u514b\u5170\u3002\u73ab\u7470\u56fe\u9009\u62e9\u7684\u662f\u6570\u636e\u6bd4\u8f83\u5b8c\u5168\u7684\u5965\u5730\u5229\u3002\u4e3a\u4e86\u7f8e\u89c2\uff0c\u9690\u85cf\u4e86\u65f6\u95f4\u8f74\u3002\u5148\u6311\u9009\u51fa\u76f8\u5173\u56fd\u5bb6\u7684\u6570\u636e\u5728\u8fdb\u884c\u6309\u5e74\u5206\u7c7b\uff0c\u5229\u7528\u5b57\u5178\u7684\u5173\u952e\u5b57\u7d22\u5f15\uff0c\u7531\u4e8e\u6570\u636e\u5904\u7406\u540e\u6240\u6709\u56fd\u5bb6\u7684\u540c\u5e74\u6570\u636e\u5728\u4e00\u4e2a\u5217\u8868\u91cc\uff0c\u540c\u4e00\u5e74\u9f84\u7684\u95f4\u9694\u4e3a5\uff0c\u91c7\u7528</span></span><span style=\"color:#555555\">shujizonghe[i][0::5]</span><span style=\"color:#555555\">\u7684\u65b9\u6cd5\u8c03\u7528\uff08\u6570\u636e\u7efc\u5408\u4e3a\u5b57\u5178\uff09</span></span></span></p>\r\n\r\n<p>&nbsp;</p>\r\n\r\n<p style=\"text-align:justify\">&nbsp;</p>\r\n\r\n<p style=\"text-align:justify\">&nbsp;</p>\r\n\r\n<p style=\"text-align:justify\"><span style=\"font-size:10.5pt\"><span style=\"font-family:\u7b49\u7ebf\"><span style=\"font-size:12.0pt\"><span style=\"font-family:\u5b8b\u4f53\">2.2.5</span></span><span style=\"font-size:12.0pt\"><span style=\"font-family:\u5b8b\u4f53\">\u6761\u5f62\u56fe\uff08\u7537\u5973\u81ea\u6740\u7387\u5bf9\u6bd4\uff09</span></span></span></span></p>\r\n\r\n<p style=\"text-align:justify\"><img src=\"/media/upload/2020/08/09/image-20200809171514-11.png\" style=\"height:425px; width:750px\" /></p>\r\n\r\n<p style=\"margin-left:16px\"><span style=\"font-size:12pt\"><span style=\"font-family:\u5b8b\u4f53\">&nbsp; <span style=\"font-size:10.5pt\"><span style=\"color:#555555\">\u4f7f\u7528\u4e3b\u9898</span></span><span style=\"font-size:10.5pt\"><span style=\"font-family:&quot;Segoe UI&quot;,sans-serif\"><span style=\"color:#555555\">essos</span></span></span><span style=\"font-size:10.5pt\"><span style=\"color:#555555\">\uff0c\u6a2a\u8f74</span></span><span style=\"font-size:10.5pt\"><span style=\"font-family:&quot;Segoe UI&quot;,sans-serif\"><span style=\"color:#555555\">x</span></span></span><span style=\"font-size:10.5pt\"><span style=\"color:#555555\">\u7528\u7684\u662f\u5217\u8868\u63a8\u5bfc\u5f0f\u5f97\u5230\u7684</span></span><span style=\"font-size:10.5pt\"><span style=\"font-family:&quot;Segoe UI&quot;,sans-serif\"><span style=\"color:#555555\">1985-2016</span></span></span><span style=\"font-size:10.5pt\"><span style=\"color:#555555\">\u5e74\uff08</span></span><span style=\"font-size:10.5pt\"><span style=\"font-family:&quot;Segoe UI&quot;,sans-serif\"><span style=\"color:#555555\">2016</span></span></span><span style=\"font-size:10.5pt\"><span style=\"color:#555555\">\u5e74\u6570\u636e\u7f3a\u5931\u4e25\u91cd\uff09\u7eb5\u8f74\u662f\u7528\u51fd\u6570</span></span><span style=\"font-size:10.5pt\"><span style=\"font-family:&quot;Segoe UI&quot;,sans-serif\"><span style=\"color:#555555\">sexlist</span></span></span><span style=\"font-size:10.5pt\"><span style=\"color:#555555\">\u628a</span></span><span style=\"font-size:10.5pt\"><span style=\"font-family:&quot;Segoe UI&quot;,sans-serif\"><span style=\"color:#555555\">male</span></span></span><span style=\"font-size:10.5pt\"><span style=\"color:#555555\">\u548c</span></span><span style=\"font-size:10.5pt\"><span style=\"font-family:&quot;Segoe UI&quot;,sans-serif\"><span style=\"color:#555555\">female</span></span></span><span style=\"font-size:10.5pt\"><span style=\"color:#555555\">\u8f6c\u5316\u4e3a\u5217\u8868\u3002</span></span></span></span></p>\r\n\r\n<p style=\"text-align:justify\"><span style=\"font-size:10.5pt\"><span style=\"font-family:\u7b49\u7ebf\"><strong><span style=\"font-size:14.0pt\"><span style=\"font-family:\u5b8b\u4f53\">3.</span></span></strong><strong><span style=\"font-size:14.0pt\"><span style=\"font-family:\u5b8b\u4f53\">\u6570\u636e\u5206\u6790\u548c\u53cd\u601d</span></span></strong></span></span></p>\r\n\r\n<p style=\"text-align:justify\"><span style=\"font-size:10.5pt\"><span style=\"font-family:\u7b49\u7ebf\"><strong>&nbsp;</strong><strong><span style=\"font-size:12.0pt\"><span style=\"font-family:\u5b8b\u4f53\">&nbsp;3.1</span></span></strong><strong><span style=\"font-size:12.0pt\"><span style=\"font-family:\u5b8b\u4f53\">\u8001\u9f84\u5316\u5bfc\u81f4\u7684\u9ad8\u81ea\u6740\u7387</span></span></strong></span></span></p>\r\n\r\n<p style=\"text-align:justify\"><span style=\"font-size:10.5pt\"><span style=\"font-family:\u7b49\u7ebf\"><span style=\"font-family:\u5b8b\u4f53\">\u89c2\u5bdf\u6570\u636e\u53d1\u73b0\u5e76\u4e0d\u662f\u8d8a\u53d1\u8fbe\u7684\u56fd\u5bb6\u81ea\u6740\u7387\u8d8a\u4f4e\uff0c\u8001\u9f84\u5316\u4e5f\u5728\u963b\u788d\u7740\u964d\u4f4e\u81ea\u6740\u7387\u3002\u6b7b\u4ea1\u7387\u9ad8\u7684\u8868\u73b0\u5747\u662f75+\u7fa4\u4f53\u8d21\u732e\u7387\u5360\u5f88\u5927\u6bd4\u91cd\u3002\u6839\u636e\u5386\u53f2\u6211\u4eec\u77e5\u9053\u6b27\u6d32\u5728\u4e8c\u6218\u7ed3\u675f\u540e\u5c31\u5df2\u7ecf\u5f7b\u5e95\u4e27\u5931\u4e86\u626d\u8f6c\u751f\u80b2\u7387\u7684\u5e0c\u671b\u4e86\u30021980\u5e74\u53ea\u6709\u5357\u65af\u62c9\u592b\u6ca1\u6709\u8fdb\u5165\u8001\u9f84\u5316\u793e\u4f1a\u30021995\u5e74\u5728timeline\u56fe\u91cc\u9996\u6b21\u51fa\u73b0\u585e\u5c14\u7ef4\u4e9a\uff0c1998\u5e74\u585e\u5c14\u7ef4\u4e9a\u8001\u5e74\u4eba\u6b7b\u4ea1\u7387\u5c31\u9ad8\u8fbe119.09\u3002\u4ece\u6b64\u5c45\u9ad8\u4e0d\u4e0b\uff0c\u66fe\u7ecf\u672a\u8001\u5e74\u5316\u7684\u72ec\u82d7\uff0c\u4e5f\u56e0</span>90\u5e74\u4ee3\u7684\u5185\u6218\u6bc1\u706d\u4e86\u8fd9\u4e2a\u56fd\u5bb6\uff0c\u73b0\u5728\u524d\u5357\u5730\u533a\u7684\u751f\u80b2\u7387\u5728\u5168\u6b27\u6d32\u90fd\u4f4e\u7684\u4ee4\u4eba\u53d1\u6307\u3002</span></span><img src=\"/media/upload/2020/08/09/image-20200809171514-12.png\" style=\"height:366px; width:750px\" /><span style=\"font-size:10.5pt\"><span style=\"font-family:\u7b49\u7ebf\"><span style=\"font-family:\u5b8b\u4f53\">\u540c\u6837\u7684\u8fd8\u6709\u65e5\u672c\uff0c</span></span></span></p>\r\n\r\n<p style=\"text-align:justify\">&nbsp;</p>\r\n\r\n<p style=\"text-align:justify\">&nbsp;</p>\r\n\r\n<p style=\"text-align:justify\"><span style=\"font-size:10.5pt\"><span style=\"font-family:\u7b49\u7ebf\"><strong>&nbsp;&nbsp; </strong><strong><span style=\"font-size:12.0pt\"><span style=\"font-family:\u5b8b\u4f53\">3.2</span></span></strong><strong><span style=\"font-size:12.0pt\"><span style=\"font-family:\u5b8b\u4f53\">\u5c40\u52bf\u52a8\u8361\u793e\u4f1a\u4e0d\u7a33\u5b9a</span></span></strong></span></span></p>\r\n\r\n<p style=\"text-align:justify\"><span style=\"font-size:10.5pt\"><span style=\"font-family:\u7b49\u7ebf\"><strong>&nbsp;&nbsp; &nbsp;</strong><span style=\"font-family:\u5b8b\u4f53\">\u5178\u578b\u56fd\u5bb6\u54c8\u8428\u514b\u65af\u5766\uff0830.51\uff09\u548c\u4e4c\u514b\u5170\uff0826.58\uff09\uff0c\u8fd1\u5e74\u6765\u90fd\u53d7\u5230\u5185\u6218\u7684\u5f71\u54cd\uff0c\u7ecf\u5386\u4e86\u793e\u4f1a\u52a8\u8361\u548c\u793e\u4f1a\u538b\u529b\uff0c\u751f\u5b58\u53d7\u9650\u3002\u5728\u9ad8\u538b\u7684\u7edd\u671b\u73af\u5883\u4e0b\uff0c\u5f88\u591a\u4eba\u4e0d\u77e5\u6240\u63aa\uff0c\u9009\u62e9\u544a\u522b\u7684\u81ea\u5df1\u3002</span></span></span></p>\r\n\r\n<p style=\"text-align:justify\"><span style=\"font-size:10.5pt\"><span style=\"font-family:\u7b49\u7ebf\"><strong><span style=\"font-size:12.0pt\"><span style=\"font-family:\u5b8b\u4f53\">3.3</span></span></strong><strong><span style=\"font-size:12.0pt\"><span style=\"font-family:\u5b8b\u4f53\">\u5b97\u6559\u4fe1\u4ef0\u548c\u5b97\u6559\u51b2\u7a81</span></span></strong></span></span></p>\r\n\r\n<p style=\"text-align:justify\"><span style=\"font-size:10.5pt\"><span style=\"font-family:\u7b49\u7ebf\"><strong>&nbsp;&nbsp; &nbsp;</strong><span style=\"font-family:\u5b8b\u4f53\">\u5b97\u6559\u4fe1\u4ef0\u4e5f\u4f1a\u5bfc\u81f4\u6781\u7aef\u73b0\u8c61\u7684\u53d1\u751f\uff0c\u4e2d\u4e9a\u5973\u6027\u5730\u4f4d\u4f4e\u4e0b\uff0c\u5bfc\u81f4\u4e86\u5973\u6027\u9ad8\u4e8e\u7537\u60273-4\u500d\u7684\u6b7b\u4ea1\u7387\u3002\u5176\u4e2d\u5927\u591a\u6570\u662f\u4e00\u4e9b\u5e74\u8f7b\u5973\u6027\uff0c\u5b97\u6559\u7684\u675f\u7f1a\u8ba9\u5979\u4eec\u653e\u5f03\u4e86\u751f\u5b58\u7684\u5e0c\u671b\u3002\u8fd9\u662f\u4e2a\u60b2\u4f24\u7684\u6545\u4e8b\uff0c\u56e0\u4e3a\u65f6\u95f4\u7d27\u8feb\u6211\u4e5f\u6ca1\u80fd\u53ef\u89c6\u5316\u5176\u6570\u636e\u3002\u90aa\u6559\u5f15\u8d77\u7684\u96c6\u4f53\u81ea\u6740\u4e8b\u4ef6\uff0c\u572d\u4e9a\u90a3\u5c31\u662f\u5982\u6b64</span></span></span></p>\r\n\r\n<p style=\"text-align:justify\"><span style=\"font-size:10.5pt\"><span style=\"font-family:\u7b49\u7ebf\"><span style=\"font-family:\u5b8b\u4f53\">\uff0c\u56e0\u4e3a\u90a3\u91cc\u8d2b\u7a77\uff0c\u6587\u5316\u843d\u540e\uff0c\u70ed\u5e26\u75be\u75c5\u9891\u53d1\u3002\u90aa\u6559\u7684\u81ea\u8eab\u4f20\u64ad\u3002\u7edd\u671b\u7684\u8def\u9014\u4e2d\uff0c\u4e5f\u8fd8\u6709\u4eba\u8bf1\u5bfc\u8d70\u5411\u6b7b\u4ea1\u7684\u5f52\u9014\u3002</span></span></span></p>\r\n\r\n<p style=\"text-align:justify\"><span style=\"font-size:10.5pt\"><span style=\"font-family:\u7b49\u7ebf\"><span style=\"font-family:\u5b8b\u4f53\">&nbsp;&nbsp;&nbsp; 3.4</span><span style=\"font-family:\u5b8b\u4f53\">\u793e\u4f1a\u53d1\u5c55\u4e0e\u4eba\u6c11\u5fc3\u7406\u5efa\u8bbe\u7684\u4e0d\u5747\u8861</span></span></span></p>\r\n\r\n<p style=\"text-align:justify\"><span style=\"font-size:10.5pt\"><span style=\"font-family:\u7b49\u7ebf\"><strong>&nbsp;&nbsp; </strong><span style=\"font-family:\u5b8b\u4f53\">\u793e\u4f1a\u7ecf\u6d4e\u9ad8\u901f\u53d1\u5c55\uff0c\u793e\u4f1a\u538b\u529b\u4e0d\u65ad\u52a0\u5927\u3002\u5de5\u4f5c\u538b\u529b\uff0c\u6323\u94b1\u96be\u5ea6\u3002\u5178\u578b\u56fd\u5bb6\u65af\u91cc\u5170\u5361\uff0835.5\uff09\u3002</span></span></span></p>\r\n\r\n<p style=\"text-align:justify\"><span style=\"font-size:10.5pt\"><span style=\"font-family:\u7b49\u7ebf\"><span style=\"font-family:\u5b8b\u4f53\">\u5bf9\u4e8e\u4ed6\u4eec\u800c\u8a00\u4e0d\u80fd\u5f97\u5230\u4e00\u4e2a\u5de5\u4f5c\uff0c\u4ed6\u4eec\u7684\u7406\u5ff5\u5c31\u4f1a\u8ba4\u4e3a\u8fd9\u5df2\u7ecf\u7ed3\u675f\u4e86\u3002\u5f53\u7136\u8fd8\u6709\u9a9a\u6270\u751f\u6d3b\u7684\u9ed1\u5e2e\u8fd9\u4e00\u5207\u7684\u4e00\u5207\uff0c\u90fd\u5370\u8bc1\u7740\u90a3\u53e5\u8bdd&ldquo;\u4eba\u4e3a\u8d22\u6b7b\uff0c\u9e1f\u4e3a\u98df\u4ea1&rdquo;\u3002</span></span></span></p>\r\n\r\n<p style=\"text-align:justify\"><span style=\"font-size:10.5pt\"><span style=\"font-family:\u7b49\u7ebf\"><strong><span style=\"font-size:14.0pt\"><span style=\"font-family:\u5b8b\u4f53\">\u53cd\u601d</span></span></strong></span></span></p>\r\n\r\n<p style=\"text-align:justify\"><span style=\"font-size:10.5pt\"><span style=\"font-family:\u7b49\u7ebf\"><strong>&nbsp;&nbsp; </strong><span style=\"font-family:\u5b8b\u4f53\">\u5f53\u6211\u5f04\u5b8c\u8fd9\u4e00\u5207\u7684\u4e00\u5207\uff0c\u6211\u624d\u53d1\u73b0\uff0c\u4e0d\u662f\u6240\u6709\u7684\u81ea\u6740\u90fd\u662f\u602f\u61e6\u3002\u5982\u679c\u6240\u5904\u7684\u73af\u5883\u8ba9\u4eba\u89c9\u5f97\u6d3b\u7740\u6bd4\u6b7b\u8fd8\u714e\u71ac\u3002\u90a3\u6709\u4ec0\u4e48\u5fc5\u8981\u6d3b\u4e0b\u53bb\u5462\u3002\u540c\u65f6\u4e5f\u5e86\u5e78\u6211\u4eec\u6240\u5904\u7684\u73af\u5883\u4e0d\u662f\u7edd\u671b\u843d\u540e\u7684\u3002</span></span></span></p>\r\n\r\n<p style=\"text-align:justify\"><span style=\"font-size:10.5pt\"><span style=\"font-family:\u7b49\u7ebf\">&nbsp;&nbsp;&nbsp; <span style=\"font-family:\u5b8b\u4f53\">\u5bf9\u793e\u4f1a\u548c\u653f\u5e9c\u800c\u8a00\uff1a1.\u5b8c\u5584\u533b\u7597\u4f53\u5236\u548c\u517b\u8001\u4f53\u5236\uff0c\u7ed9\u8001\u5e74\u4eba\u66f4\u591a\u7684\u5173\u7231\u3002\u7cbe\u795e\u7ef4\u62a4\u548c\u7cbe\u795e\u6170\u85c9\u662f\u5f88\u91cd\u8981\u7684\u30022.\u675c\u7edd\u90aa\u6559\u4f20\u64ad\uff0c\u666e\u53ca\u90aa\u6559\u5371\u5bb3\uff0c\u5c06\u90aa\u6559\u627c\u6740\u5728\u6447\u7bee\u30023.\u653f\u5e9c\u5e94\u91cd\u89c6\u4eba\u6c11\u6587\u5316\u5efa\u8bbe\uff0c\u4f20\u64ad\u6b63\u80fd\u91cf\u30024.\u8131\u8d2b\u653b\u575a\uff0c\u8ba9\u4eba\u4eec\u4e0d\u518d\u56e0\u8d2b\u7a77\u800c\u7edd\u671b\u3002</span></span></span></p>\r\n\r\n<p style=\"text-align:justify\"><span style=\"font-size:10.5pt\"><span style=\"font-family:\u7b49\u7ebf\">&nbsp;&nbsp;&nbsp; <span style=\"font-family:\u5b8b\u4f53\">\u5bf9\u4e8e\u4e2a\u4eba\u800c\u8a00\uff1a\u4eba\u7684\u751f\u547d\u8981\u81ea\u7136\u7684\u751f\uff0c\u4e5f\u8981\u81ea\u7136\u7684\u706d\uff0c\u5f3a\u6c42\u7684\u82df\u6d3b\u4e0e\u81ea\u66b4\u81ea\u5f03\u7684\u653e\u5f03\u90fd\u4e0d\u5bf9\u3002\u6211\u4eec\u5904\u5728\u4e00\u4e2a\u548c\u8c10\u5b89\u5b81\u7684\u793e\u4f1a\u5c31\u4e0d\u8be5\u6709\u8fd9\u79cd\u81ea\u6211\u4e86\u65ad\u7684\u60f3\u6cd5\uff0c\u5728\u8fd9\u79cd\u826f\u597d\u7684\u6761\u4ef6\u4e0b\u6211\u4eec\u6709\u673a\u4f1a\u53bb\u5b9e\u73b0\u6211\u4eec\u7684\u4ef7\u503c\uff0c\u800c\u4e0d\u662f\u56e0\u4e3a\u4e00\u4e9b\u632b\u6298\uff0c\u8ff7\u5931\u81ea\u5df1\uff0c\u4ece\u800c\u653e\u5f03\u81ea\u5df1\u3002\u81ea\u6740\u662f\u61e6\u5f31\u7684\u8868\u73b0\uff0c\u662f\u4e0d\u8d1f\u8d23\u4efb\uff0c\u5351\u602f\u7684\u505a\u6cd5\u3002\u4e00\u4e2a\u771f\u6b63\u52c7\u6562\u7684\u4eba\uff0c\u5e94\u8be5\u52c7\u6562\u7684\u9762\u5bf9\u4e00\u5207\uff0c\u8bc1\u660e\u81ea\u5df1\u7684\u771f\u6b63\u5b58\u5728\uff0c\u8ba9\u751f\u547d\u5728\u6781\u9650\u4e2d\u6c38\u751f\u3002</span></span></span></p>\r\n\r\n<p style=\"text-align:justify\"><span style=\"font-size:10.5pt\"><span style=\"font-family:\u7b49\u7ebf\"><strong><span style=\"font-size:14.0pt\"><span style=\"font-family:\u5b8b\u4f53\">4.</span></span></strong><strong><span style=\"font-size:14.0pt\"><span style=\"font-family:\u5b8b\u4f53\">\u76f8\u5173\u4ee3\u7801</span></span></strong></span></span></p>\r\n\r\n<p style=\"text-align:justify\"><span style=\"font-size:10.5pt\"><span style=\"font-family:\u7b49\u7ebf\"><strong>&nbsp;&nbsp; </strong><strong><span style=\"font-size:12.0pt\"><span style=\"font-family:\u5b8b\u4f53\">4.1 </span></span></strong><strong><span style=\"font-size:12.0pt\"><span style=\"font-family:\u5b8b\u4f53\">\u6761\u5f62\u56fe</span></span></strong></span></span></p>\r\n\r\n<p style=\"text-align:justify\"><img src=\"/media/upload/2020/08/09/image-20200809171514-13.png\" style=\"height:243px; width:750px\" /><img src=\"/media/upload/2020/08/09/image-20200809171514-14.png\" style=\"height:260px; width:750px\" /></p>\r\n\r\n<p style=\"text-align:justify\"><span style=\"font-size:10.5pt\"><span style=\"font-family:\u7b49\u7ebf\"><strong><span style=\"font-size:12.0pt\"><span style=\"font-family:\u5b8b\u4f53\">&nbsp;&nbsp; 4.2</span></span></strong><strong><span style=\"font-size:12.0pt\"><span style=\"font-family:\u5b8b\u4f53\">\u6298\u7ebf\u56fe</span></span></strong></span></span></p>\r\n\r\n<p style=\"text-align:justify\"><img src=\"/media/upload/2020/08/09/image-20200809171514-15.png\" style=\"height:468px; width:750px\" /></p>\r\n\r\n<p style=\"text-align:justify\"><span style=\"font-size:10.5pt\"><span style=\"font-family:\u7b49\u7ebf\"><strong><span style=\"font-size:12.0pt\"><span style=\"font-family:\u5b8b\u4f53\">&nbsp;&nbsp; 4.3</span></span></strong><strong><span style=\"font-size:12.0pt\"><span style=\"font-family:\u5b8b\u4f53\">\u4e16\u754c\u5206\u5e03\u56fe</span></span></strong></span></span></p>\r\n\r\n<p style=\"text-align:justify\"><img src=\"/media/upload/2020/08/09/image-20200809171514-16.png\" style=\"height:193px; width:750px\" /></p>\r\n\r\n<p style=\"text-align:justify\"><span style=\"font-size:10.5pt\"><span style=\"font-family:\u7b49\u7ebf\"><strong><span style=\"font-size:12.0pt\"><span style=\"font-family:\u5b8b\u4f53\">&nbsp;&nbsp; 4.4 timeline</span></span></strong></span></span></p>\r\n\r\n<p style=\"text-align:justify\"><img src=\"/media/upload/2020/08/09/image-20200809171514-17.png\" style=\"height:602px; width:750px\" /></p>\r\n\r\n<p style=\"text-align:justify\">&nbsp;</p>", "author": 1, "created_time": "2020-08-09T09:16:02.564Z", "last_updated_time": "2020-08-09T15:35:40.580Z"}}, {"model": "bowen.blog", "pk": 39, "fields": {"blog_type": 4, "title": "\u5b9e\u7528SQL\u8bed\u53e5", "content": "<p><span style=\"color:#c0392b\">\u6ce8\uff1a\u4ee5\u4e0b\u6587\u7ae0\u5f15\u7528\u4e8e\u5ed6\u96ea\u5cf0</span></p>\r\n\r\n<p>\u5728\u7f16\u5199SQL\u65f6\uff0c\u7075\u6d3b\u8fd0\u7528\u4e00\u4e9b\u6280\u5de7\uff0c\u53ef\u4ee5\u5927\u5927\u7b80\u5316\u7a0b\u5e8f\u903b\u8f91\u3002</p>\r\n\r\n<h3><strong>\u63d2\u5165\u6216\u66ff\u6362</strong></h3>\r\n\r\n<p>\u5982\u679c\u6211\u4eec\u5e0c\u671b\u63d2\u5165\u4e00\u6761\u65b0\u8bb0\u5f55\uff08INSERT\uff09\uff0c\u4f46\u5982\u679c\u8bb0\u5f55\u5df2\u7ecf\u5b58\u5728\uff0c\u5c31\u5148\u5220\u9664\u539f\u8bb0\u5f55\uff0c\u518d\u63d2\u5165\u65b0\u8bb0\u5f55\u3002\u6b64\u65f6\uff0c\u53ef\u4ee5\u4f7f\u7528<code>REPLACE</code>\u8bed\u53e5\uff0c\u8fd9\u6837\u5c31\u4e0d\u5fc5\u5148\u67e5\u8be2\uff0c\u518d\u51b3\u5b9a\u662f\u5426\u5148\u5220\u9664\u518d\u63d2\u5165\uff1a</p>\r\n\r\n<pre>\r\n<code class=\"language-sql\">REPLACE INTO students (id, class_id, name, gender, score) VALUES (1, 1, '\u5c0f\u660e', 'F', 99);</code></pre>\r\n\r\n<p>\u82e5<code>id=1</code>\u7684\u8bb0\u5f55\u4e0d\u5b58\u5728\uff0c<code>REPLACE</code>\u8bed\u53e5\u5c06\u63d2\u5165\u65b0\u8bb0\u5f55\uff0c\u5426\u5219\uff0c\u5f53\u524d<code>id=1</code>\u7684\u8bb0\u5f55\u5c06\u88ab\u5220\u9664\uff0c\u7136\u540e\u518d\u63d2\u5165\u65b0\u8bb0\u5f55\u3002</p>\r\n\r\n<h3><strong>\u63d2\u5165\u6216\u66f4\u65b0</strong></h3>\r\n\r\n<p>\u5982\u679c\u6211\u4eec\u5e0c\u671b\u63d2\u5165\u4e00\u6761\u65b0\u8bb0\u5f55\uff08INSERT\uff09\uff0c\u4f46\u5982\u679c\u8bb0\u5f55\u5df2\u7ecf\u5b58\u5728\uff0c\u5c31\u66f4\u65b0\u8be5\u8bb0\u5f55\uff0c\u6b64\u65f6\uff0c\u53ef\u4ee5\u4f7f\u7528<code>INSERT INTO ... ON DUPLICATE KEY UPDATE ...</code>\u8bed\u53e5\uff1a</p>\r\n\r\n<pre>\r\n<code class=\"language-sql\">INSERT INTO students (id, class_id, name, gender, score) VALUES (1, 1, '\u5c0f\u660e', 'F', 99) ON DUPLICATE KEY UPDATE name='\u5c0f\u660e', gender='F', score=99;</code></pre>\r\n\r\n<p>\u82e5<code>id=1</code>\u7684\u8bb0\u5f55\u4e0d\u5b58\u5728\uff0c<code>INSERT</code>\u8bed\u53e5\u5c06\u63d2\u5165\u65b0\u8bb0\u5f55\uff0c\u5426\u5219\uff0c\u5f53\u524d<code>id=1</code>\u7684\u8bb0\u5f55\u5c06\u88ab\u66f4\u65b0\uff0c\u66f4\u65b0\u7684\u5b57\u6bb5\u7531<code>UPDATE</code>\u6307\u5b9a\u3002</p>\r\n\r\n<h3><strong>\u63d2\u5165\u6216\u5ffd\u7565</strong></h3>\r\n\r\n<p>\u5982\u679c\u6211\u4eec\u5e0c\u671b\u63d2\u5165\u4e00\u6761\u65b0\u8bb0\u5f55\uff08INSERT\uff09\uff0c\u4f46\u5982\u679c\u8bb0\u5f55\u5df2\u7ecf\u5b58\u5728\uff0c\u5c31\u5565\u4e8b\u4e5f\u4e0d\u5e72\u76f4\u63a5\u5ffd\u7565\uff0c\u6b64\u65f6\uff0c\u53ef\u4ee5\u4f7f\u7528<code>INSERT IGNORE INTO ...</code>\u8bed\u53e5\uff1a</p>\r\n\r\n<pre>\r\n<code class=\"language-sql\">INSERT IGNORE INTO students (id, class_id, name, gender, score) VALUES (1, 1, '\u5c0f\u660e', 'F', 99);</code></pre>\r\n\r\n<p>\u82e5<code>id=1</code>\u7684\u8bb0\u5f55\u4e0d\u5b58\u5728\uff0c<code>INSERT</code>\u8bed\u53e5\u5c06\u63d2\u5165\u65b0\u8bb0\u5f55\uff0c\u5426\u5219\uff0c\u4e0d\u6267\u884c\u4efb\u4f55\u64cd\u4f5c\u3002</p>\r\n\r\n<h3><strong>\u5feb\u7167</strong></h3>\r\n\r\n<p>\u5982\u679c\u60f3\u8981\u5bf9\u4e00\u4e2a\u8868\u8fdb\u884c\u5feb\u7167\uff0c\u5373\u590d\u5236\u4e00\u4efd\u5f53\u524d\u8868\u7684\u6570\u636e\u5230\u4e00\u4e2a\u65b0\u8868\uff0c\u53ef\u4ee5\u7ed3\u5408<code>CREATE TABLE</code>\u548c<code>SELECT</code>\uff1a</p>\r\n\r\n<pre>\r\n<code class=\"language-sql\">CREATE TABLE students_of_class1 SELECT * FROM students WHERE class_id=1;</code></pre>\r\n\r\n<p>\u65b0\u521b\u5efa\u7684\u8868\u7ed3\u6784\u548c<code>SELECT</code>\u4f7f\u7528\u7684\u8868\u7ed3\u6784\u5b8c\u5168\u4e00\u81f4\u3002</p>\r\n\r\n<h3><strong>\u5199\u5165\u67e5\u8be2\u7ed3\u679c\u96c6</strong></h3>\r\n\r\n<p>\u5982\u679c\u67e5\u8be2\u7ed3\u679c\u96c6\u9700\u8981\u5199\u5165\u5230\u8868\u4e2d\uff0c\u53ef\u4ee5\u7ed3\u5408<code>INSERT</code>\u548c<code>SELECT</code>\uff0c\u5c06<code>SELECT</code>\u8bed\u53e5\u7684\u7ed3\u679c\u96c6\u76f4\u63a5\u63d2\u5165\u5230\u6307\u5b9a\u8868\u4e2d\u3002</p>\r\n\r\n<p>\u4f8b\u5982\uff0c\u521b\u5efa\u4e00\u4e2a\u7edf\u8ba1\u6210\u7ee9\u7684\u8868<code>statistics</code>\uff0c\u8bb0\u5f55\u5404\u73ed\u7684\u5e73\u5747\u6210\u7ee9\uff1a</p>\r\n\r\n<pre>\r\n<code class=\"language-sql\">CREATE TABLE statistics (\r\n    id BIGINT NOT NULL AUTO_INCREMENT,\r\n    class_id BIGINT NOT NULL,\r\n    average DOUBLE NOT NULL,\r\n    PRIMARY KEY (id)\r\n);</code></pre>\r\n\r\n<p>\u7136\u540e\uff0c\u6211\u4eec\u5c31\u53ef\u4ee5\u7528\u4e00\u6761\u8bed\u53e5\u5199\u5165\u5404\u73ed\u7684\u5e73\u5747\u6210\u7ee9\uff1a</p>\r\n\r\n<pre>\r\n<code class=\"language-sql\">INSERT INTO statistics (class_id, average) SELECT class_id, AVG(score) FROM students GROUP BY class_id;</code></pre>\r\n\r\n<p>\u786e\u4fdd<code>INSERT</code>\u8bed\u53e5\u7684\u5217\u548c<code>SELECT</code>\u8bed\u53e5\u7684\u5217\u80fd\u4e00\u4e00\u5bf9\u5e94\uff0c\u5c31\u53ef\u4ee5\u5728<code>statistics</code>\u8868\u4e2d\u76f4\u63a5\u4fdd\u5b58\u67e5\u8be2\u7684\u7ed3\u679c\uff1a</p>\r\n\r\n<pre>\r\n<code class=\"language-sql\">&gt; SELECT * FROM statistics;\r\n+----+----------+--------------+\r\n| id | class_id | average      |\r\n+----+----------+--------------+\r\n|  1 |        1 |         86.5 |\r\n|  2 |        2 | 73.666666666 |\r\n|  3 |        3 | 88.333333333 |\r\n+----+----------+--------------+\r\n3 rows in set (0.00 sec)</code></pre>\r\n\r\n<h3><strong>\u5f3a\u5236\u4f7f\u7528\u6307\u5b9a\u7d22\u5f15</strong></h3>\r\n\r\n<p>\u5728\u67e5\u8be2\u7684\u65f6\u5019\uff0c\u6570\u636e\u5e93\u7cfb\u7edf\u4f1a\u81ea\u52a8\u5206\u6790\u67e5\u8be2\u8bed\u53e5\uff0c\u5e76\u9009\u62e9\u4e00\u4e2a\u6700\u5408\u9002\u7684\u7d22\u5f15\u3002\u4f46\u662f\u5f88\u591a\u65f6\u5019\uff0c\u6570\u636e\u5e93\u7cfb\u7edf\u7684\u67e5\u8be2\u4f18\u5316\u5668\u5e76\u4e0d\u4e00\u5b9a\u603b\u662f\u80fd\u4f7f\u7528\u6700\u4f18\u7d22\u5f15\u3002\u5982\u679c\u6211\u4eec\u77e5\u9053\u5982\u4f55\u9009\u62e9\u7d22\u5f15\uff0c\u53ef\u4ee5\u4f7f\u7528<code>FORCE INDEX</code>\u5f3a\u5236\u67e5\u8be2\u4f7f\u7528\u6307\u5b9a\u7684\u7d22\u5f15\u3002\u4f8b\u5982\uff1a</p>\r\n\r\n<pre>\r\n<code class=\"language-sql\">&gt; SELECT * FROM students FORCE INDEX (idx_class_id) WHERE class_id = 1 ORDER BY id DESC;</code></pre>\r\n\r\n<p>\u6307\u5b9a\u7d22\u5f15\u7684\u524d\u63d0\u662f\u7d22\u5f15<code>idx_class_id</code>\u5fc5\u987b\u5b58\u5728\u3002</p>", "author": 1, "created_time": "2020-11-27T09:07:39.231Z", "last_updated_time": "2020-11-27T09:07:39.231Z"}}, {"model": "comment.comment", "pk": 83, "fields": {"content_type": 8, "object_id": 38, "text": "<p><img alt=\"broken heart\" height=\"23\" src=\"http://127.0.0.1:8000/static/ckeditor/ckeditor/plugins/smiley/images/broken_heart.png\" title=\"broken heart\" width=\"23\" /></p>", "comment_time": "2020-11-14T08:26:20.244Z", "user": 1, "root": null, "parent": null, "reply_to": null}}, {"model": "comment.comment", "pk": 84, "fields": {"content_type": 8, "object_id": 3, "text": "<p>?</p>\r\n\r\n<p>&nbsp;</p>", "comment_time": "2020-11-14T08:42:44.803Z", "user": 1, "root": null, "parent": null, "reply_to": null}}, {"model": "comment.comment", "pk": 85, "fields": {"content_type": 8, "object_id": 3, "text": "<p>?</p>", "comment_time": "2020-11-14T08:43:15.416Z", "user": 1, "root": null, "parent": null, "reply_to": null}}, {"model": "comment.comment", "pk": 86, "fields": {"content_type": 8, "object_id": 38, "text": "<p>1</p>", "comment_time": "2020-11-14T08:45:28.874Z", "user": 1, "root": null, "parent": null, "reply_to": null}}, {"model": "comment.comment", "pk": 87, "fields": {"content_type": 8, "object_id": 38, "text": "<p><img alt=\"sad\" height=\"23\" src=\"http://127.0.0.1:8000/static/ckeditor/ckeditor/plugins/smiley/images/sad_smile.png\" title=\"sad\" width=\"23\" /></p>", "comment_time": "2020-11-14T08:45:33.850Z", "user": 1, "root": null, "parent": null, "reply_to": null}}, {"model": "comment.comment", "pk": 88, "fields": {"content_type": 8, "object_id": 38, "text": "<p><img alt=\"yes\" height=\"23\" src=\"http://127.0.0.1:8000/static/ckeditor/ckeditor/plugins/smiley/images/thumbs_up.png\" title=\"yes\" width=\"23\" /></p>", "comment_time": "2020-11-20T10:14:46.663Z", "user": 2, "root": 87, "parent": 87, "reply_to": 1}}, {"model": "comment.comment", "pk": 89, "fields": {"content_type": 8, "object_id": 39, "text": "<p>\u8bc4\u8bba\u90ae\u4ef6test</p>", "comment_time": "2020-11-30T07:20:16.978Z", "user": 3, "root": null, "parent": null, "reply_to": null}}, {"model": "comment.comment", "pk": 90, "fields": {"content_type": 8, "object_id": 39, "text": "<p>\u8bc4\u8bba\u90ae\u4ef6test</p>", "comment_time": "2020-11-30T07:20:19.835Z", "user": 3, "root": null, "parent": null, "reply_to": null}}, {"model": "comment.comment", "pk": 91, "fields": {"content_type": 8, "object_id": 39, "text": "<p>\u8bc4\u8bba\u90ae\u4ef6test</p>", "comment_time": "2020-11-30T07:20:20.587Z", "user": 3, "root": null, "parent": null, "reply_to": null}}, {"model": "comment.comment", "pk": 92, "fields": {"content_type": 8, "object_id": 39, "text": "<p>\u8bc4\u8bba\u90ae\u4ef6test</p>", "comment_time": "2020-11-30T07:20:20.856Z", "user": 3, "root": null, "parent": null, "reply_to": null}}, {"model": "comment.comment", "pk": 93, "fields": {"content_type": 8, "object_id": 39, "text": "<p>\u8bc4\u8bba\u90ae\u4ef6test</p>", "comment_time": "2020-11-30T07:20:21.085Z", "user": 3, "root": null, "parent": null, "reply_to": null}}, {"model": "comment.comment", "pk": 94, "fields": {"content_type": 8, "object_id": 39, "text": "<p>\u8bc4\u8bba\u90ae\u4ef6test</p>", "comment_time": "2020-11-30T07:28:50.966Z", "user": 3, "root": null, "parent": null, "reply_to": null}}, {"model": "comment.comment", "pk": 95, "fields": {"content_type": 8, "object_id": 39, "text": "<p>email test</p>", "comment_time": "2020-11-30T07:29:39.460Z", "user": 3, "root": null, "parent": null, "reply_to": null}}, {"model": "comment.comment", "pk": 96, "fields": {"content_type": 8, "object_id": 38, "text": "<p><img alt=\"angry\" height=\"23\" src=\"http://127.0.0.1:8000/static/ckeditor/ckeditor/plugins/smiley/images/angry_smile.png\" title=\"angry\" width=\"23\" /></p>", "comment_time": "2020-11-30T07:31:28.075Z", "user": 3, "root": 87, "parent": 87, "reply_to": 1}}, {"model": "comment.comment", "pk": 97, "fields": {"content_type": 8, "object_id": 39, "text": "<p>\u591a\u7ebf\u7a0b\u6d4b\u8bd5</p>", "comment_time": "2020-11-30T07:48:07.129Z", "user": 3, "root": null, "parent": null, "reply_to": null}}, {"model": "comment.comment", "pk": 98, "fields": {"content_type": 8, "object_id": 39, "text": "<p>\u591a\u7ebf\u7a0b\u6d4b\u8bd5</p>", "comment_time": "2020-11-30T07:49:55.064Z", "user": 3, "root": null, "parent": null, "reply_to": null}}, {"model": "comment.comment", "pk": 99, "fields": {"content_type": 8, "object_id": 39, "text": "<p>\u591a\u7ebf\u7a0b\u6d4b\u8bd5</p>", "comment_time": "2020-11-30T07:52:00.096Z", "user": 3, "root": null, "parent": null, "reply_to": null}}, {"model": "comment.comment", "pk": 100, "fields": {"content_type": 8, "object_id": 39, "text": "<p>\u591a\u7ebf\u7a0b\u6d4b\u8bd5</p>", "comment_time": "2020-11-30T07:52:45.583Z", "user": 3, "root": null, "parent": null, "reply_to": null}}, {"model": "comment.comment", "pk": 101, "fields": {"content_type": 8, "object_id": 38, "text": "<p><img alt=\"yes\" height=\"23\" src=\"http://127.0.0.1:8000/static/ckeditor/ckeditor/plugins/smiley/images/thumbs_up.png\" title=\"yes\" width=\"23\" /></p>", "comment_time": "2020-11-30T08:10:03.477Z", "user": 3, "root": 87, "parent": 87, "reply_to": 1}}, {"model": "comment.comment", "pk": 102, "fields": {"content_type": 8, "object_id": 38, "text": "<p><img alt=\"yes\" height=\"23\" src=\"http://127.0.0.1:8000/static/ckeditor/ckeditor/plugins/smiley/images/thumbs_up.png\" title=\"yes\" width=\"23\" /></p>", "comment_time": "2020-11-30T08:11:12.630Z", "user": 3, "root": 87, "parent": 87, "reply_to": 1}}, {"model": "comment.comment", "pk": 103, "fields": {"content_type": 8, "object_id": 39, "text": "<p>\u591a\u7ebf\u7a0b\u6d4b\u8bd5</p>", "comment_time": "2020-11-30T08:11:36.028Z", "user": 3, "root": null, "parent": null, "reply_to": null}}, {"model": "comment.comment", "pk": 104, "fields": {"content_type": 8, "object_id": 39, "text": "<p>test</p>", "comment_time": "2020-11-30T08:19:17.961Z", "user": 3, "root": null, "parent": null, "reply_to": null}}, {"model": "likes.likerecord", "pk": 2, "fields": {"content_type": 8, "object_id": 37, "user": 2, "like_time": "2020-11-09T12:27:42.492Z"}}, {"model": "likes.likerecord", "pk": 4, "fields": {"content_type": 8, "object_id": 36, "user": 2, "like_time": "2020-11-10T04:08:30.997Z"}}, {"model": "likes.likerecord", "pk": 5, "fields": {"content_type": 8, "object_id": 35, "user": 1, "like_time": "2020-11-10T09:27:04.912Z"}}, {"model": "likes.likerecord", "pk": 6, "fields": {"content_type": 8, "object_id": 34, "user": 1, "like_time": "2020-11-10T09:27:26.794Z"}}, {"model": "likes.likerecord", "pk": 7, "fields": {"content_type": 8, "object_id": 33, "user": 1, "like_time": "2020-11-10T09:28:23.906Z"}}, {"model": "likes.likerecord", "pk": 8, "fields": {"content_type": 8, "object_id": 32, "user": 1, "like_time": "2020-11-10T09:39:10.963Z"}}, {"model": "likes.likerecord", "pk": 20, "fields": {"content_type": 12, "object_id": 52, "user": 2, "like_time": "2020-11-12T08:28:44.847Z"}}, {"model": "likes.likerecord", "pk": 21, "fields": {"content_type": 12, "object_id": 49, "user": 2, "like_time": "2020-11-12T08:28:45.747Z"}}, {"model": "likes.likerecord", "pk": 24, "fields": {"content_type": 12, "object_id": 47, "user": 2, "like_time": "2020-11-13T08:28:27.179Z"}}, {"model": "likes.likerecord", "pk": 25, "fields": {"content_type": 12, "object_id": 48, "user": 2, "like_time": "2020-11-13T08:28:29.055Z"}}, {"model": "likes.likerecord", "pk": 26, "fields": {"content_type": 12, "object_id": 53, "user": 2, "like_time": "2020-11-13T08:29:17.827Z"}}, {"model": "likes.likerecord", "pk": 37, "fields": {"content_type": 12, "object_id": 77, "user": 2, "like_time": "2020-11-13T09:17:46.282Z"}}, {"model": "likes.likerecord", "pk": 41, "fields": {"content_type": 8, "object_id": 38, "user": 1, "like_time": "2020-11-13T09:58:56.173Z"}}, {"model": "likes.likerecord", "pk": 49, "fields": {"content_type": 12, "object_id": 88, "user": 4, "like_time": "2020-11-22T07:24:20.086Z"}}, {"model": "user.profile", "pk": 1, "fields": {"user": 1, "nickname": "\u59dc\u7426", "photo": "photo/1605428472401.jpg"}}, {"model": "user.profile", "pk": 2, "fields": {"user": 2, "nickname": "\u591a\u62c9\u62c9\u7684air", "photo": "photo/QQ\u56fe\u724720201120154025.jpg"}}, {"model": "user.profile", "pk": 3, "fields": {"user": 3, "nickname": "code", "photo": "photo/u16039939001437063622fm26gp0.jpg"}}, {"model": "user.profile", "pk": 4, "fields": {"user": 4, "nickname": "Echo", "photo": "photo/QQ\u56fe\u724720201122150217.jpg"}}, {"model": "admin.logentry", "pk": 1, "fields": {"action_time": "2020-04-13T08:22:31.442Z", "user": 1, "content_type": 7, "object_id": "1", "object_repr": "BlogType object (1)", "action_flag": 1, "change_message": "[{\"added\": {}}]"}}, {"model": "admin.logentry", "pk": 2, "fields": {"action_time": "2020-04-13T08:26:41.637Z", "user": 1, "content_type": 8, "object_id": "1", "object_repr": "<Blog: hahah>", "action_flag": 1, "change_message": "[{\"added\": {}}]"}}, {"model": "admin.logentry", "pk": 3, "fields": {"action_time": "2020-04-13T09:24:02.620Z", "user": 1, "content_type": 8, "object_id": "2", "object_repr": "<Blog: nicai>", "action_flag": 1, "change_message": "[{\"added\": {}}]"}}, {"model": "admin.logentry", "pk": 4, "fields": {"action_time": "2020-04-13T09:24:51.274Z", "user": 1, "content_type": 8, "object_id": "2", "object_repr": "<Blog: nicai>", "action_flag": 2, "change_message": "[{\"changed\": {\"fields\": [\"Content\"]}}]"}}, {"model": "admin.logentry", "pk": 5, "fields": {"action_time": "2020-04-17T05:55:50.382Z", "user": 1, "content_type": 7, "object_id": "1", "object_repr": "python", "action_flag": 2, "change_message": "[]"}}, {"model": "admin.logentry", "pk": 6, "fields": {"action_time": "2020-04-17T05:55:55.962Z", "user": 1, "content_type": 7, "object_id": "2", "object_repr": "Django", "action_flag": 1, "change_message": "[{\"added\": {}}]"}}, {"model": "admin.logentry", "pk": 7, "fields": {"action_time": "2020-04-21T08:35:46.576Z", "user": 1, "content_type": 8, "object_id": "3", "object_repr": "<Blog: \u6279\u91cf\u5b89\u88c5>", "action_flag": 1, "change_message": "[{\"added\": {}}]"}}, {"model": "admin.logentry", "pk": 8, "fields": {"action_time": "2020-04-22T04:05:05.832Z", "user": 1, "content_type": 8, "object_id": "34", "object_repr": "<Blog: \u51af\u96c5\u5a77\u662f\u732a>", "action_flag": 2, "change_message": "[{\"changed\": {\"fields\": [\"Title\", \"Content\"]}}]"}}, {"model": "admin.logentry", "pk": 9, "fields": {"action_time": "2020-07-25T09:18:04.301Z", "user": 1, "content_type": 8, "object_id": "33", "object_repr": "<Blog: for 29>", "action_flag": 2, "change_message": "[{\"changed\": {\"fields\": [\"Blog type\"]}}]"}}, {"model": "admin.logentry", "pk": 10, "fields": {"action_time": "2020-07-25T09:20:54.111Z", "user": 1, "content_type": 7, "object_id": "1", "object_repr": "python", "action_flag": 2, "change_message": "[]"}}, {"model": "admin.logentry", "pk": 11, "fields": {"action_time": "2020-07-25T09:21:06.635Z", "user": 1, "content_type": 8, "object_id": "33", "object_repr": "<Blog: for 29>", "action_flag": 2, "change_message": "[]"}}, {"model": "admin.logentry", "pk": 12, "fields": {"action_time": "2020-07-25T09:23:07.784Z", "user": 1, "content_type": 8, "object_id": "32", "object_repr": "<Blog: for 28>", "action_flag": 2, "change_message": "[{\"changed\": {\"fields\": [\"Blog type\"]}}]"}}, {"model": "admin.logentry", "pk": 13, "fields": {"action_time": "2020-07-25T09:23:18.613Z", "user": 1, "content_type": 8, "object_id": "19", "object_repr": "<Blog: for 15>", "action_flag": 2, "change_message": "[{\"changed\": {\"fields\": [\"Blog type\"]}}]"}}, {"model": "admin.logentry", "pk": 14, "fields": {"action_time": "2020-07-25T09:23:23.318Z", "user": 1, "content_type": 8, "object_id": "17", "object_repr": "<Blog: for 13>", "action_flag": 2, "change_message": "[{\"changed\": {\"fields\": [\"Blog type\"]}}]"}}, {"model": "admin.logentry", "pk": 15, "fields": {"action_time": "2020-07-27T11:27:40.104Z", "user": 1, "content_type": 8, "object_id": "34", "object_repr": "<Blog: \u4e0d\u61c2>", "action_flag": 2, "change_message": "[{\"changed\": {\"fields\": [\"Title\"]}}]"}}, {"model": "admin.logentry", "pk": 16, "fields": {"action_time": "2020-07-27T12:10:27.179Z", "user": 1, "content_type": 8, "object_id": "35", "object_repr": "<Blog: python\u7684\u524d\u9014\u4f55\u5728>", "action_flag": 1, "change_message": "[{\"added\": {}}]"}}, {"model": "admin.logentry", "pk": 17, "fields": {"action_time": "2020-07-27T12:14:08.190Z", "user": 1, "content_type": 8, "object_id": "36", "object_repr": "<Blog: \u54c8\u54c8\u54c8\u54c8\u54c8>", "action_flag": 1, "change_message": "[{\"added\": {}}]"}}, {"model": "admin.logentry", "pk": 18, "fields": {"action_time": "2020-07-27T12:14:14.583Z", "user": 1, "content_type": 8, "object_id": "37", "object_repr": "<Blog: \u738b\u4f01\u9e45\u65e0\u7fa4\u4e8c\u7fa4\u65e0>", "action_flag": 1, "change_message": "[{\"added\": {}}]"}}, {"model": "admin.logentry", "pk": 19, "fields": {"action_time": "2020-07-28T05:25:00.600Z", "user": 1, "content_type": 7, "object_id": "3", "object_repr": "\u5fc3\u5f97", "action_flag": 1, "change_message": "[{\"added\": {}}]"}}, {"model": "admin.logentry", "pk": 20, "fields": {"action_time": "2020-07-29T06:33:31.297Z", "user": 1, "content_type": 8, "object_id": "37", "object_repr": "<Blog: \u738b\u4f01\u9e45\u65e0\u7fa4\u4e8c\u7fa4\u65e0>", "action_flag": 2, "change_message": "[{\"changed\": {\"fields\": [\"Content\"]}}]"}}, {"model": "admin.logentry", "pk": 21, "fields": {"action_time": "2020-07-29T07:55:38.685Z", "user": 1, "content_type": 8, "object_id": "37", "object_repr": "<Blog: \u738b\u4f01\u9e45\u65e0\u7fa4\u4e8c\u7fa4\u65e0>", "action_flag": 2, "change_message": "[{\"changed\": {\"fields\": [\"Read num\"]}}]"}}, {"model": "admin.logentry", "pk": 22, "fields": {"action_time": "2020-07-30T05:46:10.955Z", "user": 1, "content_type": 9, "object_id": "1", "object_repr": "ReadNum object (1)", "action_flag": 1, "change_message": "[{\"added\": {}}]"}}, {"model": "admin.logentry", "pk": 23, "fields": {"action_time": "2020-07-30T07:23:00.382Z", "user": 1, "content_type": 10, "object_id": "1", "object_repr": "ReadNum object (1)", "action_flag": 1, "change_message": "[{\"added\": {}}]"}}, {"model": "admin.logentry", "pk": 24, "fields": {"action_time": "2020-07-30T07:54:20.691Z", "user": 1, "content_type": 8, "object_id": "37", "object_repr": "<Blog: \u738b\u4f01\u9e45\u65e0\u7fa4\u4e8c\u7fa4\u65e0>", "action_flag": 2, "change_message": "[{\"changed\": {\"fields\": [\"Content\"]}}]"}}, {"model": "admin.logentry", "pk": 25, "fields": {"action_time": "2020-07-31T05:57:51.398Z", "user": 1, "content_type": 8, "object_id": "37", "object_repr": "<Blog: \u738b\u4f01\u9e45\u65e0\u7fa4\u4e8c\u7fa4\u65e0>", "action_flag": 2, "change_message": "[{\"changed\": {\"fields\": [\"Content\"]}}]"}}, {"model": "admin.logentry", "pk": 26, "fields": {"action_time": "2020-07-31T05:58:36.943Z", "user": 1, "content_type": 8, "object_id": "37", "object_repr": "<Blog: \u738b\u4f01\u9e45\u65e0\u7fa4\u4e8c\u7fa4\u65e0>", "action_flag": 2, "change_message": "[{\"changed\": {\"fields\": [\"Content\"]}}]"}}, {"model": "admin.logentry", "pk": 27, "fields": {"action_time": "2020-07-31T06:03:25.157Z", "user": 1, "content_type": 8, "object_id": "37", "object_repr": "<Blog: \u4e0d\u60b2>", "action_flag": 2, "change_message": "[{\"changed\": {\"fields\": [\"Blog type\", \"Title\", \"Content\"]}}]"}}, {"model": "admin.logentry", "pk": 28, "fields": {"action_time": "2020-07-31T06:03:52.397Z", "user": 1, "content_type": 8, "object_id": "37", "object_repr": "<Blog: \u4e0d\u60b2>", "action_flag": 2, "change_message": "[]"}}, {"model": "admin.logentry", "pk": 29, "fields": {"action_time": "2020-07-31T06:20:38.326Z", "user": 1, "content_type": 8, "object_id": "37", "object_repr": "<Blog: \u4e0d\u60b2>", "action_flag": 2, "change_message": "[{\"changed\": {\"fields\": [\"Content\"]}}]"}}, {"model": "admin.logentry", "pk": 30, "fields": {"action_time": "2020-07-31T08:56:11.577Z", "user": 1, "content_type": 8, "object_id": "3", "object_repr": "<Blog: \u6279\u91cf\u5b89\u88c5>", "action_flag": 2, "change_message": "[{\"changed\": {\"fields\": [\"Content\"]}}]"}}, {"model": "admin.logentry", "pk": 31, "fields": {"action_time": "2020-07-31T09:10:00.856Z", "user": 1, "content_type": 8, "object_id": "3", "object_repr": "<Blog: \u6279\u91cf\u5b89\u88c5>", "action_flag": 2, "change_message": "[{\"changed\": {\"fields\": [\"Content\"]}}]"}}, {"model": "admin.logentry", "pk": 32, "fields": {"action_time": "2020-07-31T09:10:49.173Z", "user": 1, "content_type": 8, "object_id": "3", "object_repr": "<Blog: \u6279\u91cf\u5b89\u88c5>", "action_flag": 2, "change_message": "[{\"changed\": {\"fields\": [\"Content\"]}}]"}}, {"model": "admin.logentry", "pk": 33, "fields": {"action_time": "2020-08-09T09:16:02.615Z", "user": 1, "content_type": 8, "object_id": "38", "object_repr": "<Blog: 1985-2015\u81ea\u6740\u6570\u636e\u5206\u6790\u548c\u53ef\u89c6\u5316>", "action_flag": 1, "change_message": "[{\"added\": {}}]"}}, {"model": "admin.logentry", "pk": 34, "fields": {"action_time": "2020-08-09T09:19:26.158Z", "user": 1, "content_type": 8, "object_id": "38", "object_repr": "<Blog: 1985-2015\u81ea\u6740\u6570\u636e\u5206\u6790\u548c\u53ef\u89c6\u5316>", "action_flag": 2, "change_message": "[{\"changed\": {\"fields\": [\"content\"]}}]"}}, {"model": "admin.logentry", "pk": 35, "fields": {"action_time": "2020-08-09T11:03:14.041Z", "user": 1, "content_type": 12, "object_id": "30", "object_repr": "<p><strong>pyecharts\u8fd8\u771f\u662f\u597d\u7528</strong></p>", "action_flag": 2, "change_message": "[{\"changed\": {\"fields\": [\"root\", \"parent\", \"reply_to\"]}}]"}}, {"model": "admin.logentry", "pk": 36, "fields": {"action_time": "2020-08-09T11:09:31.391Z", "user": 1, "content_type": 12, "object_id": "30", "object_repr": "<p><strong>pyecharts\u8fd8\u771f\u662f\u597d\u7528</strong></p>", "action_flag": 2, "change_message": "[{\"changed\": {\"fields\": [\"user\", \"reply_to\"]}}]"}}, {"model": "admin.logentry", "pk": 37, "fields": {"action_time": "2020-08-09T15:35:40.582Z", "user": 1, "content_type": 8, "object_id": "38", "object_repr": "<Blog: 1985-2015\u81ea\u6740\u6570\u636e\u5206\u6790\u548c\u53ef\u89c6\u5316>", "action_flag": 2, "change_message": "[{\"changed\": {\"fields\": [\"content\"]}}]"}}, {"model": "admin.logentry", "pk": 38, "fields": {"action_time": "2020-08-11T06:56:08.102Z", "user": 1, "content_type": 8, "object_id": "3", "object_repr": "<Blog: \u6279\u91cf\u5b89\u88c5>", "action_flag": 2, "change_message": "[]"}}, {"model": "admin.logentry", "pk": 39, "fields": {"action_time": "2020-08-11T06:56:36.147Z", "user": 1, "content_type": 8, "object_id": "3", "object_repr": "<Blog: \u6279\u91cf\u5b89\u88c5>", "action_flag": 2, "change_message": "[]"}}, {"model": "admin.logentry", "pk": 40, "fields": {"action_time": "2020-10-24T14:58:33.412Z", "user": 1, "content_type": 8, "object_id": "37", "object_repr": "<Blog: \u4e0d\u60b2>", "action_flag": 2, "change_message": "[{\"changed\": {\"fields\": [\"content\"]}}]"}}, {"model": "admin.logentry", "pk": 41, "fields": {"action_time": "2020-11-09T06:55:58.843Z", "user": 1, "content_type": 12, "object_id": "53", "object_repr": "<p><img alt=\"frown\" height=\"23\" src=\"http://127.0.0.1:8000/static/ckeditor/ckeditor/plugins/smiley/images/confused_smile.png\" title=\"frown\" width=\"23\" /></p>", "action_flag": 3, "change_message": ""}}, {"model": "admin.logentry", "pk": 42, "fields": {"action_time": "2020-11-09T06:56:17.360Z", "user": 1, "content_type": 12, "object_id": "54", "object_repr": "<p>123</p>", "action_flag": 3, "change_message": ""}}, {"model": "admin.logentry", "pk": 43, "fields": {"action_time": "2020-11-13T12:27:31.499Z", "user": 1, "content_type": 12, "object_id": "82", "object_repr": "<p>1</p>", "action_flag": 3, "change_message": ""}}, {"model": "admin.logentry", "pk": 44, "fields": {"action_time": "2020-11-13T12:27:31.637Z", "user": 1, "content_type": 12, "object_id": "81", "object_repr": "<p>1</p>", "action_flag": 3, "change_message": ""}}, {"model": "admin.logentry", "pk": 45, "fields": {"action_time": "2020-11-13T12:27:31.744Z", "user": 1, "content_type": 12, "object_id": "80", "object_repr": "<p>11111</p>", "action_flag": 3, "change_message": ""}}, {"model": "admin.logentry", "pk": 46, "fields": {"action_time": "2020-11-13T12:27:31.835Z", "user": 1, "content_type": 12, "object_id": "79", "object_repr": "<p>11</p>", "action_flag": 3, "change_message": ""}}, {"model": "admin.logentry", "pk": 47, "fields": {"action_time": "2020-11-13T12:27:31.964Z", "user": 1, "content_type": 12, "object_id": "78", "object_repr": "<p>1</p>", "action_flag": 3, "change_message": ""}}, {"model": "admin.logentry", "pk": 48, "fields": {"action_time": "2020-11-13T12:27:32.064Z", "user": 1, "content_type": 12, "object_id": "77", "object_repr": "<p>1</p>", "action_flag": 3, "change_message": ""}}, {"model": "admin.logentry", "pk": 49, "fields": {"action_time": "2020-11-13T12:27:32.157Z", "user": 1, "content_type": 12, "object_id": "76", "object_repr": "<p>1</p>", "action_flag": 3, "change_message": ""}}, {"model": "admin.logentry", "pk": 50, "fields": {"action_time": "2020-11-13T12:27:32.289Z", "user": 1, "content_type": 12, "object_id": "75", "object_repr": "<p>1</p>", "action_flag": 3, "change_message": ""}}, {"model": "admin.logentry", "pk": 51, "fields": {"action_time": "2020-11-13T12:27:32.414Z", "user": 1, "content_type": 12, "object_id": "74", "object_repr": "<p>1</p>", "action_flag": 3, "change_message": ""}}, {"model": "admin.logentry", "pk": 52, "fields": {"action_time": "2020-11-13T12:27:32.549Z", "user": 1, "content_type": 12, "object_id": "73", "object_repr": "<p>1</p>", "action_flag": 3, "change_message": ""}}, {"model": "admin.logentry", "pk": 53, "fields": {"action_time": "2020-11-13T12:27:32.689Z", "user": 1, "content_type": 12, "object_id": "72", "object_repr": "<p>111</p>", "action_flag": 3, "change_message": ""}}, {"model": "admin.logentry", "pk": 54, "fields": {"action_time": "2020-11-13T12:27:32.789Z", "user": 1, "content_type": 12, "object_id": "71", "object_repr": "<p>1</p>", "action_flag": 3, "change_message": ""}}, {"model": "admin.logentry", "pk": 55, "fields": {"action_time": "2020-11-13T12:27:32.881Z", "user": 1, "content_type": 12, "object_id": "70", "object_repr": "<p>1</p>", "action_flag": 3, "change_message": ""}}, {"model": "admin.logentry", "pk": 56, "fields": {"action_time": "2020-11-13T12:27:32.990Z", "user": 1, "content_type": 12, "object_id": "69", "object_repr": "<p>1</p>", "action_flag": 3, "change_message": ""}}, {"model": "admin.logentry", "pk": 57, "fields": {"action_time": "2020-11-13T12:27:33.081Z", "user": 1, "content_type": 12, "object_id": "68", "object_repr": "<p>111</p>", "action_flag": 3, "change_message": ""}}, {"model": "admin.logentry", "pk": 58, "fields": {"action_time": "2020-11-13T12:27:33.189Z", "user": 1, "content_type": 12, "object_id": "67", "object_repr": "<p>1</p>", "action_flag": 3, "change_message": ""}}, {"model": "admin.logentry", "pk": 59, "fields": {"action_time": "2020-11-13T12:27:33.298Z", "user": 1, "content_type": 12, "object_id": "66", "object_repr": "<p>1</p>", "action_flag": 3, "change_message": ""}}, {"model": "admin.logentry", "pk": 60, "fields": {"action_time": "2020-11-13T12:27:33.397Z", "user": 1, "content_type": 12, "object_id": "65", "object_repr": "<p>11111</p>", "action_flag": 3, "change_message": ""}}, {"model": "admin.logentry", "pk": 61, "fields": {"action_time": "2020-11-13T12:27:33.497Z", "user": 1, "content_type": 12, "object_id": "64", "object_repr": "<p>1</p>", "action_flag": 3, "change_message": ""}}, {"model": "admin.logentry", "pk": 62, "fields": {"action_time": "2020-11-13T12:27:33.589Z", "user": 1, "content_type": 12, "object_id": "63", "object_repr": "<p>1</p>", "action_flag": 3, "change_message": ""}}, {"model": "admin.logentry", "pk": 63, "fields": {"action_time": "2020-11-13T12:27:33.681Z", "user": 1, "content_type": 12, "object_id": "62", "object_repr": "<p>111</p>", "action_flag": 3, "change_message": ""}}, {"model": "admin.logentry", "pk": 64, "fields": {"action_time": "2020-11-13T12:27:33.764Z", "user": 1, "content_type": 12, "object_id": "61", "object_repr": "<p>1</p>", "action_flag": 3, "change_message": ""}}, {"model": "admin.logentry", "pk": 65, "fields": {"action_time": "2020-11-13T12:27:33.848Z", "user": 1, "content_type": 12, "object_id": "60", "object_repr": "<p>1</p>", "action_flag": 3, "change_message": ""}}, {"model": "admin.logentry", "pk": 66, "fields": {"action_time": "2020-11-13T12:27:33.939Z", "user": 1, "content_type": 12, "object_id": "59", "object_repr": "<p>1</p>", "action_flag": 3, "change_message": ""}}, {"model": "admin.logentry", "pk": 67, "fields": {"action_time": "2020-11-13T12:27:34.039Z", "user": 1, "content_type": 12, "object_id": "58", "object_repr": "<p>1</p>", "action_flag": 3, "change_message": ""}}, {"model": "admin.logentry", "pk": 68, "fields": {"action_time": "2020-11-13T12:27:34.131Z", "user": 1, "content_type": 12, "object_id": "57", "object_repr": "<p>1</p>", "action_flag": 3, "change_message": ""}}, {"model": "admin.logentry", "pk": 69, "fields": {"action_time": "2020-11-13T12:27:34.222Z", "user": 1, "content_type": 12, "object_id": "56", "object_repr": "<p>1</p>", "action_flag": 3, "change_message": ""}}, {"model": "admin.logentry", "pk": 70, "fields": {"action_time": "2020-11-13T12:27:34.314Z", "user": 1, "content_type": 12, "object_id": "55", "object_repr": "<p>1111</p>", "action_flag": 3, "change_message": ""}}, {"model": "admin.logentry", "pk": 71, "fields": {"action_time": "2020-11-13T12:27:34.398Z", "user": 1, "content_type": 12, "object_id": "54", "object_repr": "<p>1111</p>", "action_flag": 3, "change_message": ""}}, {"model": "admin.logentry", "pk": 72, "fields": {"action_time": "2020-11-13T12:27:34.481Z", "user": 1, "content_type": 12, "object_id": "53", "object_repr": "<p>\u54c8\u54c8\u54c8\u54c8\u54c8\uff0c\u4eca\u5929\u5929\u6c14\u771f\u597d</p>", "action_flag": 3, "change_message": ""}}, {"model": "admin.logentry", "pk": 73, "fields": {"action_time": "2020-11-13T12:27:34.564Z", "user": 1, "content_type": 12, "object_id": "52", "object_repr": "<p><img alt=\"frown\" height=\"23\" src=\"http://127.0.0.1:8000/static/ckeditor/ckeditor/plugins/smiley/images/confused_smile.png\" title=\"frown\" width=\"23\" /></p>", "action_flag": 3, "change_message": ""}}, {"model": "admin.logentry", "pk": 74, "fields": {"action_time": "2020-11-13T12:27:34.648Z", "user": 1, "content_type": 12, "object_id": "51", "object_repr": "<p>\uff1f</p>", "action_flag": 3, "change_message": ""}}, {"model": "admin.logentry", "pk": 75, "fields": {"action_time": "2020-11-13T12:27:34.723Z", "user": 1, "content_type": 12, "object_id": "50", "object_repr": "<p>\u5c3c\u739b</p>", "action_flag": 3, "change_message": ""}}, {"model": "admin.logentry", "pk": 76, "fields": {"action_time": "2020-11-13T12:27:34.805Z", "user": 1, "content_type": 12, "object_id": "49", "object_repr": "<p>123</p>", "action_flag": 3, "change_message": ""}}, {"model": "admin.logentry", "pk": 77, "fields": {"action_time": "2020-11-13T12:27:34.881Z", "user": 1, "content_type": 12, "object_id": "48", "object_repr": "<p>123</p>", "action_flag": 3, "change_message": ""}}, {"model": "admin.logentry", "pk": 78, "fields": {"action_time": "2020-11-13T12:27:34.964Z", "user": 1, "content_type": 12, "object_id": "47", "object_repr": "<p>123</p>", "action_flag": 3, "change_message": ""}}, {"model": "admin.logentry", "pk": 79, "fields": {"action_time": "2020-11-13T12:27:35.047Z", "user": 1, "content_type": 12, "object_id": "46", "object_repr": "<p>hh</p>", "action_flag": 3, "change_message": ""}}, {"model": "admin.logentry", "pk": 80, "fields": {"action_time": "2020-11-13T12:27:35.139Z", "user": 1, "content_type": 12, "object_id": "45", "object_repr": "<p>123</p>", "action_flag": 3, "change_message": ""}}, {"model": "admin.logentry", "pk": 81, "fields": {"action_time": "2020-11-13T12:27:35.214Z", "user": 1, "content_type": 12, "object_id": "44", "object_repr": "<p>222</p>", "action_flag": 3, "change_message": ""}}, {"model": "admin.logentry", "pk": 82, "fields": {"action_time": "2020-11-13T12:27:35.306Z", "user": 1, "content_type": 12, "object_id": "43", "object_repr": "<p>\u4f60\u753b\u6211\u731c</p>", "action_flag": 3, "change_message": ""}}, {"model": "admin.logentry", "pk": 83, "fields": {"action_time": "2020-11-13T12:27:35.380Z", "user": 1, "content_type": 12, "object_id": "42", "object_repr": "<p>111</p>", "action_flag": 3, "change_message": ""}}, {"model": "admin.logentry", "pk": 84, "fields": {"action_time": "2020-11-13T12:27:35.464Z", "user": 1, "content_type": 12, "object_id": "41", "object_repr": "<p>222</p>", "action_flag": 3, "change_message": ""}}, {"model": "admin.logentry", "pk": 85, "fields": {"action_time": "2020-11-13T12:27:35.547Z", "user": 1, "content_type": 12, "object_id": "40", "object_repr": "<p>1111</p>", "action_flag": 3, "change_message": ""}}, {"model": "admin.logentry", "pk": 86, "fields": {"action_time": "2020-11-13T12:27:35.623Z", "user": 1, "content_type": 12, "object_id": "39", "object_repr": "<p>123</p>", "action_flag": 3, "change_message": ""}}, {"model": "admin.logentry", "pk": 87, "fields": {"action_time": "2020-11-13T12:27:35.698Z", "user": 1, "content_type": 12, "object_id": "38", "object_repr": "<p>12312313</p>", "action_flag": 3, "change_message": ""}}, {"model": "admin.logentry", "pk": 88, "fields": {"action_time": "2020-11-13T12:27:35.764Z", "user": 1, "content_type": 12, "object_id": "37", "object_repr": "<p>1111</p>", "action_flag": 3, "change_message": ""}}, {"model": "admin.logentry", "pk": 89, "fields": {"action_time": "2020-11-13T12:27:35.848Z", "user": 1, "content_type": 12, "object_id": "36", "object_repr": "<p>\u8bf7\u95ee</p>", "action_flag": 3, "change_message": ""}}, {"model": "admin.logentry", "pk": 90, "fields": {"action_time": "2020-11-13T12:27:35.923Z", "user": 1, "content_type": 12, "object_id": "35", "object_repr": "<p><img alt=\"broken heart\" height=\"23\" src=\"http://127.0.0.1:8000/static/ckeditor/ckeditor/plugins/smiley/images/broken_heart.png\" title=\"broken heart\" width=\"23\" /></p>", "action_flag": 3, "change_message": ""}}, {"model": "admin.logentry", "pk": 91, "fields": {"action_time": "2020-11-13T12:27:35.997Z", "user": 1, "content_type": 12, "object_id": "34", "object_repr": "<p>1</p>", "action_flag": 3, "change_message": ""}}, {"model": "admin.logentry", "pk": 92, "fields": {"action_time": "2020-11-13T12:27:36.093Z", "user": 1, "content_type": 12, "object_id": "33", "object_repr": "<p>1234</p>", "action_flag": 3, "change_message": ""}}, {"model": "admin.logentry", "pk": 93, "fields": {"action_time": "2020-11-13T12:27:36.172Z", "user": 1, "content_type": 12, "object_id": "32", "object_repr": "<p>1234</p>", "action_flag": 3, "change_message": ""}}, {"model": "admin.logentry", "pk": 94, "fields": {"action_time": "2020-11-13T12:27:36.247Z", "user": 1, "content_type": 12, "object_id": "30", "object_repr": "<p><strong>pyecharts\u8fd8\u771f\u662f\u597d\u7528</strong></p>", "action_flag": 3, "change_message": ""}}, {"model": "admin.logentry", "pk": 95, "fields": {"action_time": "2020-11-13T12:27:36.322Z", "user": 1, "content_type": 12, "object_id": "31", "object_repr": "<p>\u9a71\u868a\u5668</p>", "action_flag": 3, "change_message": ""}}, {"model": "admin.logentry", "pk": 96, "fields": {"action_time": "2020-11-13T12:27:36.398Z", "user": 1, "content_type": 12, "object_id": "29", "object_repr": "<p>\u9a71\u868a\u5668\u4e8c</p>", "action_flag": 3, "change_message": ""}}, {"model": "admin.logentry", "pk": 97, "fields": {"action_time": "2020-11-13T12:27:36.480Z", "user": 1, "content_type": 12, "object_id": "28", "object_repr": "<p>\u8bf7\u95ee</p>", "action_flag": 3, "change_message": ""}}, {"model": "admin.logentry", "pk": 98, "fields": {"action_time": "2020-11-13T12:27:36.631Z", "user": 1, "content_type": 12, "object_id": "27", "object_repr": "<p>\u8c01\u77e5\u9053\u5462</p>", "action_flag": 3, "change_message": ""}}, {"model": "admin.logentry", "pk": 99, "fields": {"action_time": "2020-11-13T12:27:36.705Z", "user": 1, "content_type": 12, "object_id": "26", "object_repr": "<p><img alt=\"smiley\" height=\"23\" src=\"http://127.0.0.1:8000/static/ckeditor/ckeditor/plugins/smiley/images/regular_smile.png\" title=\"smiley\" width=\"23\" /></p>", "action_flag": 3, "change_message": ""}}, {"model": "admin.logentry", "pk": 100, "fields": {"action_time": "2020-11-13T12:27:36.773Z", "user": 1, "content_type": 12, "object_id": "25", "object_repr": "<p>1</p>", "action_flag": 3, "change_message": ""}}, {"model": "admin.logentry", "pk": 101, "fields": {"action_time": "2020-11-13T12:27:36.847Z", "user": 1, "content_type": 12, "object_id": "24", "object_repr": "<p>\u54c8\u54c8\u54c8\u54c8</p>", "action_flag": 3, "change_message": ""}}, {"model": "admin.logentry", "pk": 102, "fields": {"action_time": "2020-11-13T12:27:36.947Z", "user": 1, "content_type": 12, "object_id": "23", "object_repr": "<p>\u54c8\u54c8\u54c8\u54c8</p>", "action_flag": 3, "change_message": ""}}, {"model": "admin.logentry", "pk": 103, "fields": {"action_time": "2020-11-13T12:27:37.048Z", "user": 1, "content_type": 12, "object_id": "22", "object_repr": "<p>\u54c8\u54c8\u54c8\u54c8</p>", "action_flag": 3, "change_message": ""}}, {"model": "admin.logentry", "pk": 104, "fields": {"action_time": "2020-11-13T12:27:37.130Z", "user": 1, "content_type": 12, "object_id": "21", "object_repr": "<p>\u54c8\u54c8\u54c8\u54c8</p>", "action_flag": 3, "change_message": ""}}, {"model": "admin.logentry", "pk": 105, "fields": {"action_time": "2020-11-13T12:27:37.222Z", "user": 1, "content_type": 12, "object_id": "20", "object_repr": "<p>\u54c8\u54c8\u54c8\u54c8</p>", "action_flag": 3, "change_message": ""}}, {"model": "admin.logentry", "pk": 106, "fields": {"action_time": "2020-11-13T12:27:37.297Z", "user": 1, "content_type": 12, "object_id": "19", "object_repr": "<p>\u54c8\u54c8\u54c8\u54c8</p>", "action_flag": 3, "change_message": ""}}, {"model": "admin.logentry", "pk": 107, "fields": {"action_time": "2020-11-13T12:27:37.373Z", "user": 1, "content_type": 12, "object_id": "18", "object_repr": "<p>\u54c8\u54c8\u54c8\u54c8</p>", "action_flag": 3, "change_message": ""}}, {"model": "admin.logentry", "pk": 108, "fields": {"action_time": "2020-11-13T12:27:37.455Z", "user": 1, "content_type": 12, "object_id": "17", "object_repr": "<p>678</p>", "action_flag": 3, "change_message": ""}}, {"model": "admin.logentry", "pk": 109, "fields": {"action_time": "2020-11-13T12:27:37.539Z", "user": 1, "content_type": 12, "object_id": "16", "object_repr": "<p>678</p>", "action_flag": 3, "change_message": ""}}, {"model": "admin.logentry", "pk": 110, "fields": {"action_time": "2020-11-13T12:27:37.622Z", "user": 1, "content_type": 12, "object_id": "15", "object_repr": "<p>678</p>", "action_flag": 3, "change_message": ""}}, {"model": "admin.logentry", "pk": 111, "fields": {"action_time": "2020-11-13T12:27:37.714Z", "user": 1, "content_type": 12, "object_id": "14", "object_repr": "<p>123</p>", "action_flag": 3, "change_message": ""}}, {"model": "admin.logentry", "pk": 112, "fields": {"action_time": "2020-11-13T12:27:37.798Z", "user": 1, "content_type": 12, "object_id": "13", "object_repr": "<p>123</p>", "action_flag": 3, "change_message": ""}}, {"model": "admin.logentry", "pk": 113, "fields": {"action_time": "2020-11-13T12:27:37.906Z", "user": 1, "content_type": 12, "object_id": "12", "object_repr": "<p>123</p>", "action_flag": 3, "change_message": ""}}, {"model": "admin.logentry", "pk": 114, "fields": {"action_time": "2020-11-13T12:27:38.015Z", "user": 1, "content_type": 12, "object_id": "11", "object_repr": "<p>123</p>", "action_flag": 3, "change_message": ""}}, {"model": "admin.logentry", "pk": 115, "fields": {"action_time": "2020-11-13T12:27:38.123Z", "user": 1, "content_type": 12, "object_id": "10", "object_repr": "<p>123</p>", "action_flag": 3, "change_message": ""}}, {"model": "admin.logentry", "pk": 116, "fields": {"action_time": "2020-11-13T12:27:38.223Z", "user": 1, "content_type": 12, "object_id": "9", "object_repr": "<p>\u54c8\u54c8\u54c8\u54c8</p>", "action_flag": 3, "change_message": ""}}, {"model": "admin.logentry", "pk": 117, "fields": {"action_time": "2020-11-13T12:27:38.323Z", "user": 1, "content_type": 12, "object_id": "8", "object_repr": "<p>\u53bb\u53bb\u53bb</p>", "action_flag": 3, "change_message": ""}}, {"model": "admin.logentry", "pk": 118, "fields": {"action_time": "2020-11-13T12:27:38.423Z", "user": 1, "content_type": 12, "object_id": "7", "object_repr": "\u54c8\u54c8\u54c8\u54c8\u54c8", "action_flag": 3, "change_message": ""}}, {"model": "admin.logentry", "pk": 119, "fields": {"action_time": "2020-11-13T12:27:38.506Z", "user": 1, "content_type": 12, "object_id": "6", "object_repr": "\u6076\u8da3\u5473\u7fa4\u7fc1", "action_flag": 3, "change_message": ""}}, {"model": "admin.logentry", "pk": 120, "fields": {"action_time": "2020-11-13T12:27:38.590Z", "user": 1, "content_type": 12, "object_id": "5", "object_repr": "\u54c8\u54c8\u54c8\u54c8\u54c8", "action_flag": 3, "change_message": ""}}, {"model": "admin.logentry", "pk": 121, "fields": {"action_time": "2020-11-13T12:27:38.682Z", "user": 1, "content_type": 12, "object_id": "4", "object_repr": "\u738b\u4f01\u9e45\u7fa4\u7fc1\u7fa4\u65e0", "action_flag": 3, "change_message": ""}}, {"model": "admin.logentry", "pk": 122, "fields": {"action_time": "2020-11-13T12:27:38.764Z", "user": 1, "content_type": 12, "object_id": "3", "object_repr": "\u5207\u5207\u6076\u8da3\u5473", "action_flag": 3, "change_message": ""}}, {"model": "admin.logentry", "pk": 123, "fields": {"action_time": "2020-11-13T12:27:38.848Z", "user": 1, "content_type": 12, "object_id": "2", "object_repr": "\u738b\u4f01\u9e45\u7fa4\u4e8c\u7fa4", "action_flag": 3, "change_message": ""}}, {"model": "admin.logentry", "pk": 124, "fields": {"action_time": "2020-11-13T12:27:38.931Z", "user": 1, "content_type": 12, "object_id": "1", "object_repr": "\u4f60\u8bf4\u5f97\u592a\u597d\u4e86", "action_flag": 3, "change_message": ""}}, {"model": "admin.logentry", "pk": 125, "fields": {"action_time": "2020-11-15T07:35:45.683Z", "user": 1, "content_type": 15, "object_id": "1", "object_repr": "<Profile: \u59dc\u7426 for jq>", "action_flag": 1, "change_message": "[{\"added\": {}}]"}}, {"model": "admin.logentry", "pk": 126, "fields": {"action_time": "2020-11-15T07:45:58.911Z", "user": 1, "content_type": 4, "object_id": "1", "object_repr": "jq", "action_flag": 2, "change_message": "[{\"changed\": {\"fields\": [\"email\", \"last_login\"]}}]"}}, {"model": "admin.logentry", "pk": 127, "fields": {"action_time": "2020-11-15T08:05:53.295Z", "user": 1, "content_type": 4, "object_id": "2", "object_repr": "\u4e0d\u676f", "action_flag": 2, "change_message": "[{\"changed\": {\"fields\": [\"is_superuser\", \"last_login\"]}}]"}}, {"model": "admin.logentry", "pk": 128, "fields": {"action_time": "2020-11-15T08:06:05.375Z", "user": 1, "content_type": 4, "object_id": "2", "object_repr": "\u4e0d\u676f", "action_flag": 2, "change_message": "[{\"changed\": {\"fields\": [\"is_staff\"]}}]"}}, {"model": "admin.logentry", "pk": 129, "fields": {"action_time": "2020-11-15T08:13:18.014Z", "user": 2, "content_type": 4, "object_id": "2", "object_repr": "\u4e0d\u676f", "action_flag": 2, "change_message": "[{\"changed\": {\"fields\": [\"is_staff\", \"is_superuser\", \"last_login\"]}}]"}}, {"model": "admin.logentry", "pk": 130, "fields": {"action_time": "2020-11-16T10:41:12.553Z", "user": 1, "content_type": 4, "object_id": "1", "object_repr": "jq", "action_flag": 2, "change_message": "[{\"changed\": {\"fields\": [\"last_login\"]}}, {\"changed\": {\"name\": \"profile\", \"object\": \"<Profile: \\u59dc\\u7426 for jq>\", \"fields\": [\"photo\"]}}]"}}, {"model": "admin.logentry", "pk": 131, "fields": {"action_time": "2020-11-20T07:41:11.868Z", "user": 1, "content_type": 4, "object_id": "2", "object_repr": "\u4e0d\u676f", "action_flag": 2, "change_message": "[{\"changed\": {\"fields\": [\"last_login\"]}}, {\"added\": {\"name\": \"profile\", \"object\": \"<Profile: \\u591a\\u62c9\\u62c9 for \\u4e0d\\u676f>\"}}]"}}, {"model": "admin.logentry", "pk": 132, "fields": {"action_time": "2020-11-21T07:33:13.169Z", "user": 1, "content_type": 4, "object_id": "2", "object_repr": "\u4e0d\u676f", "action_flag": 2, "change_message": "[{\"changed\": {\"fields\": [\"email\", \"last_login\"]}}]"}}, {"model": "admin.logentry", "pk": 133, "fields": {"action_time": "2020-11-21T07:54:40.701Z", "user": 1, "content_type": 4, "object_id": "3", "object_repr": "test", "action_flag": 2, "change_message": "[{\"changed\": {\"fields\": [\"last_login\"]}}, {\"added\": {\"name\": \"profile\", \"object\": \"<Profile: \\u6d4b\\u8bd5 for test>\"}}]"}}, {"model": "admin.logentry", "pk": 134, "fields": {"action_time": "2020-11-21T07:54:54.966Z", "user": 1, "content_type": 4, "object_id": "3", "object_repr": "test", "action_flag": 2, "change_message": "[{\"changed\": {\"fields\": [\"is_staff\", \"is_superuser\"]}}]"}}, {"model": "admin.logentry", "pk": 135, "fields": {"action_time": "2020-11-21T07:55:40.042Z", "user": 3, "content_type": 4, "object_id": "3", "object_repr": "test", "action_flag": 2, "change_message": "[{\"changed\": {\"fields\": [\"email\", \"last_login\"]}}]"}}, {"model": "admin.logentry", "pk": 136, "fields": {"action_time": "2020-11-22T06:31:51.620Z", "user": 1, "content_type": 4, "object_id": "2", "object_repr": "\u4e0d\u676f", "action_flag": 2, "change_message": "[{\"changed\": {\"fields\": [\"email\", \"last_login\"]}}]"}}, {"model": "admin.logentry", "pk": 137, "fields": {"action_time": "2020-11-22T06:52:17.481Z", "user": 3, "content_type": 4, "object_id": "2", "object_repr": "\u4e0d\u676f", "action_flag": 2, "change_message": "[{\"changed\": {\"fields\": [\"is_staff\", \"is_superuser\", \"last_login\"]}}]"}}, {"model": "admin.logentry", "pk": 138, "fields": {"action_time": "2020-11-22T07:04:50.280Z", "user": 3, "content_type": 4, "object_id": "4", "object_repr": "Echo", "action_flag": 2, "change_message": "[{\"changed\": {\"fields\": [\"last_login\"]}}, {\"added\": {\"name\": \"profile\", \"object\": \"<Profile: Echo for Echo>\"}}]"}}, {"model": "admin.logentry", "pk": 139, "fields": {"action_time": "2020-11-27T08:45:46.428Z", "user": 1, "content_type": 7, "object_id": "4", "object_repr": "SQL", "action_flag": 1, "change_message": "[{\"added\": {}}]"}}, {"model": "admin.logentry", "pk": 140, "fields": {"action_time": "2020-11-27T09:07:39.252Z", "user": 1, "content_type": 8, "object_id": "39", "object_repr": "<Blog: \u5b9e\u7528SQL\u8bed\u53e5>", "action_flag": 1, "change_message": "[{\"added\": {}}]"}}]